name,style,substyle,overall_rating
Hill Farmstead E.,Belgian-Style Ales,Belgian Ale - Pale / Golden / Single,99.41795021912631
Orval,Belgian-Style Ales,Belgian Ale - Pale / Golden / Single,99.2058123758887
Westvleteren Blond,Belgian-Style Ales,Belgian Ale - Pale / Golden / Single,98.93999927737498
De la Senne Bruxellensis Reserva,Belgian-Style Ales,Belgian Ale - Pale / Golden / Single,98.29782487855074
Dieu du Ciel! Dernière Volonté (Pinot Noir),Belgian-Style Ales,Belgian Ale - Pale / Golden / Single,98.243969590382
De Ranke Hop Harvest 2019,Belgian-Style Ales,Belgian Ale - Pale / Golden / Single,96.98482194625215
De la Senne Bruxellensis,Belgian-Style Ales,Belgian Ale - Pale / Golden / Single,96.8170652724175
Allagash Confluence Ale,Belgian-Style Ales,Belgian Ale - Pale / Golden / Single,96.76093416716394
Allagash Sixteen Counties Ale (2016 - ),Belgian-Style Ales,Belgian Ale - Pale / Golden / Single,96.59187996379197
Toccalmatto / Prairie Okie Matilde,Belgian-Style Ales,Belgian Ale - Pale / Golden / Single,96.53530252288353
Lost Abbey Saints Devotion,Belgian-Style Ales,Belgian Ale - Pale / Golden / Single,96.36486808180267
De Ranke XXX Bitter,Belgian-Style Ales,Belgian Ale - Pale / Golden / Single,96.13592036344679
Extraomnes Hopbloem,Belgian-Style Ales,Belgian Ale - Pale / Golden / Single,96.53530252288353
Mikkeller San Diego Første Fødselsdag (First Birthday),Belgian-Style Ales,Belgian Ale - Pale / Golden / Single,96.19334470768855
Green Flash Rayon Vert,Belgian-Style Ales,Belgian Ale - Pale / Golden / Single,95.61315257558115
De Ranke Hop Harvest 2020,Belgian-Style Ales,Belgian Ale - Pale / Golden / Single,95.13880974358896
Holy Mountain The Third (3rd) Nail,Belgian-Style Ales,Belgian Ale - Pale / Golden / Single,95.43638830951552
De la Senne PinPon,Belgian-Style Ales,Belgian Ale - Pale / Golden / Single,95.90492876843723
De Ranke Hop Harvest 2018,Belgian-Style Ales,Belgian Ale - Pale / Golden / Single,94.83734404799263
Dieu du Ciel! Dernière Volonté,Belgian-Style Ales,Belgian Ale - Pale / Golden / Single,94.95840940947201
Tartaruga Super Fresca,Belgian-Style Ales,Belgian Ale - Pale / Golden / Single,94.83734404799263
Perennial Hommel Bier,Belgian-Style Ales,Belgian Ale - Pale / Golden / Single,94.77656714181975
Sante Adairius / Casita Cerveceria Summer Sapling,Belgian-Style Ales,Belgian Ale - Pale / Golden / Single,94.59324095975263
The Exchange Golden Ale,Belgian-Style Ales,Belgian Ale - Pale / Golden / Single,94.77656714181975
Ommegang Fleur De Houblon,Belgian-Style Ales,Belgian Ale - Pale / Golden / Single,94.53179529333786
De Dolle XL Pale Ale,Belgian-Style Ales,Belgian Ale - Pale / Golden / Single,94.22197157972231
New Glarus R & D Golden Ale (2015),Belgian-Style Ales,Belgian Ale - Pale / Golden / Single,94.53179529333786
Domaines Rouvinez / Brasserie {C} L'échappée,Belgian-Style Ales,Belgian Ale - Pale / Golden / Single,94.15947724964009
Stillwater Babylonian Style Ale (Omnipollo Nebuchadnezzar Remix),Belgian-Style Ales,Belgian Ale - Pale / Golden / Single,94.40838940961876
La Rulles Estivale,Belgian-Style Ales,Belgian Ale - Pale / Golden / Single,93.90768522611202
pFriem Brett Brux Pale Ale,Belgian-Style Ales,Belgian Ale - Pale / Golden / Single,95.0187009809829
Russian River Redemption (Batch 002+),Belgian-Style Ales,Belgian Ale - Pale / Golden / Single,93.97090837021767
Wicked Weed Lunatic Blonde (Barrel Aged),Belgian-Style Ales,Belgian Ale - Pale / Golden / Single,94.71562535192794
Nickel Brook Uncommon Element,Belgian-Style Ales,Belgian Ale - Pale / Golden / Single,94.03394711485916
Extraomnes Blond,Belgian-Style Ales,Belgian Ale - Pale / Golden / Single,93.65291972770024
Allagash House Beer,Belgian-Style Ales,Belgian Ale - Pale / Golden / Single,94.03394711485916
De Ranke XX Bitter,Belgian-Style Ales,Belgian Ale - Pale / Golden / Single,93.45983900547799
Dieu du Ciel! Wallonade,Belgian-Style Ales,Belgian Ale - Pale / Golden / Single,94.47017861506251
't Hoppegeluk Driope 6,Belgian-Style Ales,Belgian Ale - Pale / Golden / Single,93.58875295555991
Allagash Hoppy Table Beer,Belgian-Style Ales,Belgian Ale - Pale / Golden / Single,93.45983900547799
Goose Island Brasserie Blanc,Belgian-Style Ales,Belgian Ale - Pale / Golden / Single,92.73651759322013
Oriel Blond Wild,Belgian-Style Ales,Belgian Ale - Pale / Golden / Single,92.6023177005539
Leelanau Petoskey Pale Ale,Belgian-Style Ales,Belgian Ale - Pale / Golden / Single,92.80330087317742
Bzart Session Triple,Belgian-Style Ales,Belgian Ale - Pale / Golden / Single,92.33134839356846
The Kernel Foeder Beer Centennial Hallertau Tradition,Belgian-Style Ales,Belgian Ale - Pale / Golden / Single,92.53489849016941
Evil Twin Beer Table Table Beer,Belgian-Style Ales,Belgian Ale - Pale / Golden / Single,93.19965035546136
Cambridge Morning Dew,Belgian-Style Ales,Belgian Ale - Pale / Golden / Single,93.39508902118087
Bullfrog Diabolique,Belgian-Style Ales,Belgian Ale - Pale / Golden / Single,92.73651759322013
Jan Olbracht Rzemieślniczy Piotrek z Bagien Belgian Pale Ale,Belgian-Style Ales,Belgian Ale - Pale / Golden / Single,92.39941511017955
HaandBryggeriet Belgisk Pale Ale,Belgian-Style Ales,Belgian Ale - Pale / Golden / Single,91.7788493331748
Westvleteren  8 Extra,Belgian-Style Ales,Belgian Ale - Strong Dark,99.94712360661077
Struise Pannepot (10%),Belgian-Style Ales,Belgian Ale - Strong Dark,99.94712360661077
Struise Pannepot Reserva (Calvados BA),Belgian-Style Ales,Belgian Ale - Strong Dark,99.89424532593878
Struise Pannepot Grand Reserva (Calvados),Belgian-Style Ales,Belgian Ale - Strong Dark,99.84136332462272
Struise Pannepot Special Reserva (Bordeaux B.A.),Belgian-Style Ales,Belgian Ale - Strong Dark,99.84136332462272
Trappistes Rochefort  8,Belgian-Style Ales,Belgian Ale - Strong Dark,99.78847574252465
Abbaye des Rocs Brune,Belgian-Style Ales,Belgian Ale - Strong Dark,99.68267639660598
Dubuisson Bush de Nuits,Belgian-Style Ales,Belgian Ale - Strong Dark,99.62976091390483
Mikkeller Nelson Sauvignon,Belgian-Style Ales,Belgian Ale - Strong Dark,99.62976091390483
Chimay Grande Réserve (Bleue / Blue),Belgian-Style Ales,Belgian Ale - Strong Dark,99.57683241280749
Chimay Grande Réserve Vieillie En Barriques (2018) Whisky Edition,Belgian-Style Ales,Belgian Ale - Strong Dark,99.57683241280749
Abbaye des Rocs Grand Cru,Belgian-Style Ales,Belgian Ale - Strong Dark,99.52388903501175
5 Seasons North Quinte55ence,Belgian-Style Ales,Belgian Ale - Strong Dark,99.41795021912631
Ommegang 20th Anniversary Ale,Belgian-Style Ales,Belgian Ale - Strong Dark,99.36495106766212
Midnight Sun Monk's Mistress,Belgian-Style Ales,Belgian Ale - Strong Dark,99.25888400019898
Iron Hill Wild Quadfather,Belgian-Style Ales,Belgian Ale - Strong Dark,99.25888400019898
Cigar City / Struise Absolutely Okay,Belgian-Style Ales,Belgian Ale - Strong Dark,99.25888400019898
Allagash Avancé,Belgian-Style Ales,Belgian Ale - Strong Dark,99.15271288731444
Ommegang Adoration - Bourbon Barrel,Belgian-Style Ales,Belgian Ale - Strong Dark,99.04642291233951
Chimay Grande Réserve Vieillie En Barriques (2020) Armagnac Edition,Belgian-Style Ales,Belgian Ale - Strong Dark,98.93999927737498
Charlevoix Dominus Vobiscum Hibernus,Belgian-Style Ales,Belgian Ale - Strong Dark,98.93999927737498
Winterkoninkske Grand Cru (American Oak Finish),Belgian-Style Ales,Belgian Ale - Strong Dark,98.88673271876058
Abbaye des Rocs Triple Impériale,Belgian-Style Ales,Belgian Ale - Strong Dark,98.8334272056281
Lost Abbey Dead Man's Game,Belgian-Style Ales,Belgian Ale - Strong Dark,98.72669194374593
Het Anker Gouden Carolus Cuvée van de Keizer Whisky Infused,Belgian-Style Ales,Belgian Ale - Strong Dark,98.67325851306411
Unibroue 17,Belgian-Style Ales,Belgian Ale - Strong Dark,98.72669194374593
Avery Anniversary Twenty Five,Belgian-Style Ales,Belgian Ale - Strong Dark,98.67325851306411
Malheur Dark Brut / Noir,Belgian-Style Ales,Belgian Ale - Strong Dark,98.61977876414524
De Dolle Oerbier,Belgian-Style Ales,Belgian Ale - Strong Dark,98.61977876414524
AleSmith Grand Cru,Belgian-Style Ales,Belgian Ale - Strong Dark,98.56625086044946
Dieu du Ciel! Isseki Nicho (Pinot Noir),Belgian-Style Ales,Belgian Ale - Strong Dark,98.51267296733799
Het Anker Gouden Carolus Classic,Belgian-Style Ales,Belgian Ale - Strong Dark,98.3516210351581
Russian River Salvation,Belgian-Style Ales,Belgian Ale - Strong Dark,98.3516210351581
Silver City Le Fat,Belgian-Style Ales,Belgian Ale - Strong Dark,98.45904325214555
Ommegang / Alesmith Philosophy and Velocity: East Coast Edition,Belgian-Style Ales,Belgian Ale - Strong Dark,98.29782487855074
Struise Pannepot Special Reserve (Chateau Margaux B.A.),Belgian-Style Ales,Belgian Ale - Strong Dark,98.243969590382
Het Anker Gouden Carolus Christmas/Noël,Belgian-Style Ales,Belgian Ale - Strong Dark,98.19005334893765
Struise Pannepeut Reserva (Heaven & Hill B.A.),Belgian-Style Ales,Belgian Ale - Strong Dark,98.67325851306411
Cambridge Benevolence,Belgian-Style Ales,Belgian Ale - Strong Dark,98.19005334893765
De Dochter van de Korenaar Embrasse Oak Aged Blended (non peated),Belgian-Style Ales,Belgian Ale - Strong Dark,98.08203073146888
Allagash Odyssey,Belgian-Style Ales,Belgian Ale - Strong Dark,98.08203073146888
Struise Tsjeeses Reserva - Bourbon,Belgian-Style Ales,Belgian Ale - Strong Dark,98.02792072433486
Maltus Faber Extra Brune,Belgian-Style Ales,Belgian Ale - Strong Dark,97.97374250184949
Struise Pannepot Real Ale,Belgian-Style Ales,Belgian Ale - Strong Dark,98.51267296733799
Zeven Zonden Invidia,Belgian-Style Ales,Belgian Ale - Strong Dark,97.97374250184949
Struise Pannepot Reserva (Bourbon BA),Belgian-Style Ales,Belgian Ale - Strong Dark,97.86517417772781
Gulden Draak,Belgian-Style Ales,Belgian Ale - Strong Dark,97.81078046652551
Lost Abbey 10 Commandments,Belgian-Style Ales,Belgian Ale - Strong Dark,97.75631132098235
BramBrass / Beer Prins Der Duisternis,Belgian-Style Ales,Belgian Ale - Strong Dark,97.75631132098235
Chimay Grande Réserve Vieillie En Barriques (2017) Rum Edition,Belgian-Style Ales,Belgian Ale - Strong Dark,97.64713954000173
Ayinger Celebrator Doppelbock,Lagers,Bock - Doppelbock,99.68267639660598
Schloss Eggenberg Samichlaus Schwarzes,Lagers,Bock - Doppelbock,98.78008089455913
Vrooden Ur-Bock Signature,Lagers,Bock - Doppelbock,98.45904325214555
Hoppin' Frog Frogichlaus,Lagers,Bock - Doppelbock,98.29782487855074
Andechser Doppelbock Dunkel,Lagers,Bock - Doppelbock,98.29782487855074
Weltenburger Kloster Asam Bock,Lagers,Bock - Doppelbock,98.08203073146888
Grand Teton Double Vision Doppelbock,Lagers,Bock - Doppelbock,97.81078046652551
Weihenstephaner Korbinian,Lagers,Bock - Doppelbock,97.42781188506802
Les Trois Mousquetaires Doppelbock,Lagers,Bock - Doppelbock,97.42781188506802
The Duck-Rabbit Duck-Rabbator Dopplebock,Lagers,Bock - Doppelbock,97.31762748085725
Tröegs Troegenator Doublebock - Bourbon,Lagers,Bock - Doppelbock,97.2070770964013
Garage Project Dark Arts,Lagers,Bock - Doppelbock,97.31762748085725
Schloss Eggenberg Samichlaus Classic Barrique,Lagers,Bock - Doppelbock,96.76093416716394
Vrooden Ur-Bock,Lagers,Bock - Doppelbock,96.70469406495718
Sun King Afternoon Delight,Lagers,Bock - Doppelbock,96.53530252288353
Uiltje Apfelstrudel Doppelbock,Lagers,Bock - Doppelbock,96.30781687862039
Hamburger Senatsbock Die Koffie un Koken Edition (2019),Lagers,Bock - Doppelbock,95.96287414117887
Ettaler Curator Doppelbock,Lagers,Bock - Doppelbock,95.73027951128864
Cigar City Confectionator,Lagers,Bock - Doppelbock,95.43638830951552
De Molen / Poch’s Cliffhanger,Lagers,Bock - Doppelbock,95.37717403162036
Jack's Abby Baby Maker,Lagers,Bock - Doppelbock,95.25829652247782
Rupp-Bräu Dunkler Doppelbock,Lagers,Bock - Doppelbock,95.67178654744323
Smuttynose Big Beer Series: S'muttonator,Lagers,Bock - Doppelbock,95.13880974358896
Croce di Malto Due Mondi,Lagers,Bock - Doppelbock,95.25829652247782
Capital Autumnal Fire,Lagers,Bock - Doppelbock,94.89795761890711
Wolverine State Wolverine Massacre Imperial Dark Lager,Lagers,Bock - Doppelbock,94.89795761890711
Amager American Outlaws: Cherokee Bill,Lagers,Bock - Doppelbock,94.47017861506251
Capital Dark Doppelbock,Lagers,Bock - Doppelbock,94.40838940961876
Perrin Black Goat,Lagers,Bock - Doppelbock,93.45983900547799
Augustiner Maximator,Lagers,Bock - Doppelbock,93.52439318382422
Lickinghole Creek German Chocolate Cake,Lagers,Bock - Doppelbock,93.39508902118087
Kees Indian Summer Doppelbock (Speyside BA),Lagers,Bock - Doppelbock,93.52439318382422
Prösslbräu Adlersberg Palmator Doppelbock,Lagers,Bock - Doppelbock,93.52439318382422
Marthas Weathertop Doppelbock,Lagers,Bock - Doppelbock,93.52439318382422
Graff Julebokk,Lagers,Bock - Doppelbock,92.93624065698476
Spaten Optimator,Lagers,Bock - Doppelbock,92.93624065698476
Vrooden Doppelbock,Lagers,Bock - Doppelbock,92.46726471929907
Walhalla Heimdall,Lagers,Bock - Doppelbock,92.1945586038071
Nøgne Ø Gjertruds Vintervarmer,Lagers,Bock - Doppelbock,92.2630633087945
Mikkeller San Diego Tripper Bocker,Lagers,Bock - Doppelbock,92.2630633087945
Vetters 33,Lagers,Bock - Doppelbock,92.1945586038071
Hacker-Pschorr Animator,Lagers,Bock - Doppelbock,92.12583303522595
Jack's Abby Saxonator Dunkles Doppelbock,Lagers,Bock - Doppelbock,91.8486975635547
Avery The Kaiser Imperial Oktoberfest,Lagers,Bock - Doppelbock,91.8486975635547
Duits & Lauret Houtgerijpte Rook Dubbelbock,Lagers,Bock - Doppelbock,91.56793109129647
Sudwerk Doppel Bock Ultimator,Lagers,Bock - Doppelbock,91.98771437740643
Karbach 017 Brandy You’re A Fine Girl,Lagers,Bock - Doppelbock,91.28345830799974
Schloss Eggenberg Samichlaus Classic,Lagers,Bock - Doppelbock,90.70310431750114
Hutthurmer Kulinator,Lagers,Bock - Doppelbock,90.84964083063672
Against the Grain / Way My Way Or The Way Way (Stave It For Later),Lagers,Bock - Doppelbock,90.92254439120185
Charlevoix Lupulus,Belgian-Style Ales,Belgian Ale - Strong Pale,99.68267639660598
Dubuisson Bush Prestige,Belgian-Style Ales,Belgian Ale - Strong Pale,99.36495106766212
De Dolle Stille Nacht,Belgian-Style Ales,Belgian Ale - Strong Pale,99.31192961289719
Allagash Interlude,Belgian-Style Ales,Belgian Ale - Strong Pale,98.8334272056281
Dubuisson Bush de Charmes,Belgian-Style Ales,Belgian Ale - Strong Pale,98.72669194374593
Mikkeller Nelson Sauvignon Riesling Grape Ed.,Belgian-Style Ales,Belgian Ale - Strong Pale,98.45904325214555
Southampton Grand Cru,Belgian-Style Ales,Belgian Ale - Strong Pale,98.4053598842527
Allagash Evora,Belgian-Style Ales,Belgian Ale - Strong Pale,98.29782487855074
Struise Tsjeeses Reserva - Port,Belgian-Style Ales,Belgian Ale - Strong Pale,98.19005334893765
Raven Black Label #3 Champagne Strong Ale,Belgian-Style Ales,Belgian Ale - Strong Pale,98.02792072433486
Charlevoix Brut,Belgian-Style Ales,Belgian Ale - Strong Pale,98.02792072433486
Mikkeller Nelson Sauvignon Chardonnay Barrel Aged,Belgian-Style Ales,Belgian Ale - Strong Pale,97.91949425504741
Jolly Pumpkin Oro de Calabaza,Belgian-Style Ales,Belgian Ale - Strong Pale,97.75631132098235
Nebraska Reserve Series Melange A Trois,Belgian-Style Ales,Belgian Ale - Strong Pale,97.75631132098235
Mikkeller Nelson Sauvin Brut Dry Hopped!,Belgian-Style Ales,Belgian Ale - Strong Pale,97.70176494361816
Duvel,Belgian-Style Ales,Belgian Ale - Strong Pale,97.59243331882173
Duvel Tripel Hop Citra,Belgian-Style Ales,Belgian Ale - Strong Pale,97.48277127454877
Malheur Bière Brut / Reserve,Belgian-Style Ales,Belgian Ale - Strong Pale,97.42781188506802
Upstream Grand Cru,Belgian-Style Ales,Belgian Ale - Strong Pale,97.70176494361816
Ommegang Game of Thrones - For The Throne,Belgian-Style Ales,Belgian Ale - Strong Pale,97.31762748085725
La Chouffe,Belgian-Style Ales,Belgian Ale - Strong Pale,97.04053442438494
Russian River Damnation,Belgian-Style Ales,Belgian Ale - Strong Pale,97.096146606569
Spółdzielczy / Harpagan Lódolf Bourbon BA,Belgian-Style Ales,Belgian Ale - Strong Pale,96.92900742377506
Trappist Achel 8 Blond,Belgian-Style Ales,Belgian Ale - Strong Pale,96.8170652724175
De Dolle Boskeun,Belgian-Style Ales,Belgian Ale - Strong Pale,96.76093416716394
Brewery Vivant Tree Bucket,Belgian-Style Ales,Belgian Ale - Strong Pale,97.2070770964013
Moinette Blonde,Belgian-Style Ales,Belgian Ale - Strong Pale,96.53530252288353
Ommegang Game of Thrones - Winter is Here,Belgian-Style Ales,Belgian Ale - Strong Pale,96.36486808180267
Fantôme La Piétrain Ambrée,Belgian-Style Ales,Belgian Ale - Strong Pale,97.096146606569
À La Fût Cancan Western,Belgian-Style Ales,Belgian Ale - Strong Pale,96.47860920125778
Unibroue 25e Blonde De l'Enfer,Belgian-Style Ales,Belgian Ale - Strong Pale,96.13592036344679
Sawdust City The Princess & Girlpants Meets The O.D.B.,Belgian-Style Ales,Belgian Ale - Strong Pale,96.64834323823139
Ommegang Game of Thrones - Bend the Knee,Belgian-Style Ales,Belgian Ale - Strong Pale,96.42179828924125
Brooklyn Cuvée de la Crochet Rouge Rose,Belgian-Style Ales,Belgian Ale - Strong Pale,97.59243331882173
Red Rock Paardebloem,Belgian-Style Ales,Belgian Ale - Strong Pale,96.42179828924125
"Mikkeller 12"" Winale",Belgian-Style Ales,Belgian Ale - Strong Pale,96.07836827061011
Ommegang / d'Achouffe Gnomegang,Belgian-Style Ales,Belgian Ale - Strong Pale,95.96287414117887
De Dolle Lichtervelds Blond,Belgian-Style Ales,Belgian Ale - Strong Pale,95.73027951128864
Broadway Vent d'Anges,Belgian-Style Ales,Belgian Ale - Strong Pale,95.84684897493828
Duvel Barrel Aged (Bourbon),Belgian-Style Ales,Belgian Ale - Strong Pale,95.43638830951552
Ommegang Gnomegeddon,Belgian-Style Ales,Belgian Ale - Strong Pale,95.67178654744323
Deus Brut des Flandres,Belgian-Style Ales,Belgian Ale - Strong Pale,95.31781063736233
Het Anker Gouden Carolus Cuvée Van De Keizer Imperial Blond (Rood Label),Belgian-Style Ales,Belgian Ale - Strong Pale,95.13880974358896
pFriem Belgian Christmas Ale,Belgian-Style Ales,Belgian Ale - Strong Pale,95.13880974358896
Stone 20th Anniversary Encore Series: 02.02.02 Vertical Epic Ale,Belgian-Style Ales,Belgian Ale - Strong Pale,95.0187009809829
De Dolle Stille Nacht Reserva 2015,Belgian-Style Ales,Belgian Ale - Strong Pale,94.89795761890711
Mikkeller San Diego Junius Brutus,Belgian-Style Ales,Belgian Ale - Strong Pale,95.0187009809829
Lost Abbey Inferno Ale,Belgian-Style Ales,Belgian Ale - Strong Pale,95.19863008865339
De Dolle Arabier,Belgian-Style Ales,Belgian Ale - Strong Pale,94.77656714181975
Sierra Nevada Ovila Golden,Belgian-Style Ales,Belgian Ale - Strong Pale,95.37717403162036
Hill Farmstead Biere de Norma,Belgian-Style Ales,Bière de Garde / de Mars / Brut,99.68267639660598
Jolly Pumpkin Bière de Mars,Belgian-Style Ales,Bière de Garde / de Mars / Brut,98.19005334893765
Leelanau Good Harbor Golden,Belgian-Style Ales,Bière de Garde / de Mars / Brut,97.70176494361816
Casey Bière de Garde,Belgian-Style Ales,Bière de Garde / de Mars / Brut,97.48277127454877
Tired Hands Fence Mender,Belgian-Style Ales,Bière de Garde / de Mars / Brut,96.92900742377506
Sierra Nevada Trip in the Woods: Bière de Garde,Belgian-Style Ales,Bière de Garde / de Mars / Brut,95.90492876843723
Ommegang Bigger and Bretter,Belgian-Style Ales,Bière de Garde / de Mars / Brut,94.83734404799263
Hill Farmstead Biere de Mars,Belgian-Style Ales,Bière de Garde / de Mars / Brut,94.83734404799263
Jester King Reposé,Belgian-Style Ales,Bière de Garde / de Mars / Brut,94.83734404799263
Sierra Nevada Barrel Aged Biere De Garde,Belgian-Style Ales,Bière de Garde / de Mars / Brut,94.65451713636593
Black Raven Raven De Brett,Belgian-Style Ales,Bière de Garde / de Mars / Brut,94.83734404799263
Dupont La Bière de Beloeil,Belgian-Style Ales,Bière de Garde / de Mars / Brut,92.39941511017955
Palatum / Szałpiw Béatrice,Belgian-Style Ales,Bière de Garde / de Mars / Brut,92.12583303522595
Cloudwater / Burning Sky Old Garde (Red Wine Barrel Aged),Belgian-Style Ales,Bière de Garde / de Mars / Brut,92.73651759322013
Sante Adairius Winter Garde,Belgian-Style Ales,Bière de Garde / de Mars / Brut,92.12583303522595
Russian River Perdition,Belgian-Style Ales,Bière de Garde / de Mars / Brut,91.7788493331748
Wunderkammer Red Fort,Belgian-Style Ales,Bière de Garde / de Mars / Brut,91.35492800144702
Right Proper Baron Corvo,Belgian-Style Ales,Bière de Garde / de Mars / Brut,91.21175239786433
De Garde Biere de Garde (Port Barrel),Belgian-Style Ales,Bière de Garde / de Mars / Brut,93.78067993929618
Ladyface Dérailleur,Belgian-Style Ales,Bière de Garde / de Mars / Brut,91.35492800144702
Little Fish Barrel-Aged Woodthrush,Belgian-Style Ales,Bière de Garde / de Mars / Brut,89.64946841975882
Stillwater / Brewer's Art Débutante,Belgian-Style Ales,Bière de Garde / de Mars / Brut,90.03144993075992
Lost Abbey Avant Garde Ale,Belgian-Style Ales,Bière de Garde / de Mars / Brut,89.80303026766664
Bières23 Bière de Mars,Belgian-Style Ales,Bière de Garde / de Mars / Brut,94.65451713636593
Jester King / Arizona Wilderness Brewing Buford's Roadside Wares,Belgian-Style Ales,Bière de Garde / de Mars / Brut,89.5723001088895
Au Baron Cuvée des Jonquilles,Belgian-Style Ales,Bière de Garde / de Mars / Brut,87.21822109253247
Nevel Sintel,Belgian-Style Ales,Bière de Garde / de Mars / Brut,87.64050393808279
Sawdust City Le Chandail de Skokie,Belgian-Style Ales,Bière de Garde / de Mars / Brut,91.70877296371874
Two Brothers A Bretter Day,Belgian-Style Ales,Bière de Garde / de Mars / Brut,89.49487233486603
Bell's Tawny Port Le Pianiste,Belgian-Style Ales,Bière de Garde / de Mars / Brut,87.97332365030682
Lightning Electrostatic Ale,Belgian-Style Ales,Bière de Garde / de Mars / Brut,87.21822109253247
Emma Kuckucksrot Sonderedition 2017,Belgian-Style Ales,Bière de Garde / de Mars / Brut,87.80746707433562
Akim T Préambule,Belgian-Style Ales,Bière de Garde / de Mars / Brut,89.26102337416908
Iron Hill Biere de Mars,Belgian-Style Ales,Bière de Garde / de Mars / Brut,92.05688536839004
Little Fish Woodthrush,Belgian-Style Ales,Bière de Garde / de Mars / Brut,85.00014458397608
Whiner Rubrique-a-Brac,Belgian-Style Ales,Bière de Garde / de Mars / Brut,85.00014458397608
Le Castor Bière de Garde,Belgian-Style Ales,Bière de Garde / de Mars / Brut,83.96671473586598
Siren / Naparbier Dios De La Guerra,Belgian-Style Ales,Bière de Garde / de Mars / Brut,84.25208483052869
Smuttynose Smistletoe,Belgian-Style Ales,Bière de Garde / de Mars / Brut,83.09467104532396
Smuttynose Smuttlabs Biere de Shire,Belgian-Style Ales,Bière de Garde / de Mars / Brut,83.38801162660555
Scratch Black Trumpet Bière de Mars,Belgian-Style Ales,Bière de Garde / de Mars / Brut,82.19866764260539
Creature Comforts Biere de Garde with Booger Hill Honey,Belgian-Style Ales,Bière de Garde / de Mars / Brut,83.09467104532396
Crooked Stave Bière de Garde,Belgian-Style Ales,Bière de Garde / de Mars / Brut,82.39985195633679
Anosteké Blonde,Belgian-Style Ales,Bière de Garde / de Mars / Brut,79.80014457959733
Suarez Family General Store,Belgian-Style Ales,Bière de Garde / de Mars / Brut,80.75725592663991
Schlafly Bière de Garde,Belgian-Style Ales,Bière de Garde / de Mars / Brut,83.29052717524314
Arizona Wilderness / Jester King The Stuffing,Belgian-Style Ales,Bière de Garde / de Mars / Brut,82.19866764260539
Bullfrog French Kiss,Belgian-Style Ales,Bière de Garde / de Mars / Brut,81.17499445921399
Jolly Pumpkin French Ale 408,Belgian-Style Ales,Bière de Garde / de Mars / Brut,81.38209379682043
Bell's Le Contrebassiste,Belgian-Style Ales,Bière de Garde / de Mars / Brut,80.75725592663991
Ommegang Double Barrel Dubbel,Belgian-Style Ales,Dubbel,99.2058123758887
St. Bernardus Prior 8,Belgian-Style Ales,Dubbel,98.45904325214555
Westmalle Dubbel,Belgian-Style Ales,Dubbel,98.45904325214555
Ommegang Abbey Ale,Belgian-Style Ales,Dubbel,98.243969590382
Unibroue Maudite,Belgian-Style Ales,Dubbel,97.59243331882173
Charlevoix Dominus Vobiscum Double,Belgian-Style Ales,Dubbel,97.31762748085725
Chimay Brune / Bruin (Rouge / Red),Belgian-Style Ales,Dubbel,97.2070770964013
Dogfish Head URKontinent,Belgian-Style Ales,Dubbel,96.42179828924125
Bell's Hell Hath No Fury - Bourbon Barrel,Belgian-Style Ales,Dubbel,96.07836827061011
Ommegang Abbey Ale - Bourbon Barrel,Belgian-Style Ales,Dubbel,95.96287414117887
5 Seasons North Black Beauty,Belgian-Style Ales,Dubbel,96.92900742377506
Lost Abbey Lost and Found,Belgian-Style Ales,Dubbel,95.13880974358896
Ommegang Game of Thrones - Valar Morghulis,Belgian-Style Ales,Dubbel,94.71562535192794
Goose Island Pere Jacques,Belgian-Style Ales,Dubbel,94.47017861506251
Bell's Hell Hath No Fury,Belgian-Style Ales,Dubbel,93.97090837021767
Corsendonk Pater / Abbey Brown Ale,Belgian-Style Ales,Dubbel,93.78067993929618
Brouhaha Double de Bonsecours (Brandy),Belgian-Style Ales,Dubbel,94.71562535192794
New Glarus Anniversary Strong Ale,Belgian-Style Ales,Dubbel,94.89795761890711
La Trappe Dubbel Special Edition 2018,Belgian-Style Ales,Dubbel,93.65291972770024
Ommegang Upside Brown,Belgian-Style Ales,Dubbel,94.71562535192794
Vicaris Generaal,Belgian-Style Ales,Dubbel,93.39508902118087
Corsendonk Dark Dubbel,Belgian-Style Ales,Dubbel,93.39508902118087
Vintage Apple Brandy Barrel-Aged Dedication,Belgian-Style Ales,Dubbel,93.45983900547799
St. Bernardus Pater 6,Belgian-Style Ales,Dubbel,92.6023177005539
La Trappe Dubbel,Belgian-Style Ales,Dubbel,92.33134839356846
Trois Dames / Sixpoint Jalapenos Raspberry Double,Belgian-Style Ales,Dubbel,92.39941511017955
Nøgne Ø Twin Otter,Belgian-Style Ales,Dubbel,92.1945586038071
Bøgedal Nr. 0221 Mørk #6,Belgian-Style Ales,Dubbel,93.58875295555991
Tröegs Jovial,Belgian-Style Ales,Dubbel,91.56793109129647
Rockingham Cloven Hoof,Belgian-Style Ales,Dubbel,91.7788493331748
St-Feuillien Brune,Belgian-Style Ales,Dubbel,91.21175239786433
Captain Lawrence St. Vincents Dubbel,Belgian-Style Ales,Dubbel,91.35492800144702
Sierra Nevada Ovila Dubbel,Belgian-Style Ales,Dubbel,91.42616260453379
Arizona Wilderness Aravaipa Abbey Dubbel,Belgian-Style Ales,Dubbel,91.21175239786433
Moinette Brune,Belgian-Style Ales,Dubbel,90.25758453032213
Russian River Benediction,Belgian-Style Ales,Dubbel,90.776494492782
Side Project Trail Dubbel,Belgian-Style Ales,Dubbel,90.18245862301849
Grottenbier Bruin,Belgian-Style Ales,Dubbel,89.41718420657561
Allagash Dubbel Reserve,Belgian-Style Ales,Dubbel,88.70613319127426
Maredsous  8 Brune / Bruin,Belgian-Style Ales,Dubbel,88.30173886186135
Sierra Nevada Double Dubbel,Belgian-Style Ales,Dubbel,91.70877296371874
Charlevoix Dominus Vobiscum Double (Zinfandel),Belgian-Style Ales,Dubbel,90.84964083063672
MonsRegius Crepuscula,Belgian-Style Ales,Dubbel,88.30173886186135
Tuatara Dubbel Barrel,Belgian-Style Ales,Dubbel,88.78620290083175
Dieu du Ciel! Rigor Mortis Double,Belgian-Style Ales,Dubbel,88.46430880151257
Galbraith's Resurrection,Belgian-Style Ales,Dubbel,89.80303026766664
Ale Asylum Diablo Belga,Belgian-Style Ales,Dubbel,87.38797306918191
Maltus Faber Brune,Belgian-Style Ales,Dubbel,88.86600470271917
Anderson Valley Brother David's Double Abbey-Style Ale,Belgian-Style Ales,Dubbel,87.04734506625807
Cherry Street Dylan's Dubbel,Belgian-Style Ales,Dubbel,88.54518691250169
Westvleteren 12 XII,Belgian-Style Ales,Quadrupel / Abt,100.00000002692344
Trappistes Rochefort 10,Belgian-Style Ales,Quadrupel / Abt,100.00000002692344
Szałpiw Buba Extreme Jack Daniels BA,Belgian-Style Ales,Quadrupel / Abt,99.94712360661077
St. Bernardus Abt 12,Belgian-Style Ales,Quadrupel / Abt,99.89424532593878
Szałpiw Buba Extreme Cognac BA,Belgian-Style Ales,Quadrupel / Abt,99.89424532593878
Firestone Walker Stickee Monkee,Belgian-Style Ales,Quadrupel / Abt,99.73558071972703
Het Anker Gouden Carolus Cuvée Van De Keizer Imperial Dark (Blauw Label),Belgian-Style Ales,Quadrupel / Abt,99.68267639660598
Szałpiw Buba Extreme Calvados BA,Belgian-Style Ales,Quadrupel / Abt,99.68267639660598
Jan Olbracht Rzemieslniczy Kord Whiskey BA Wild,Belgian-Style Ales,Quadrupel / Abt,99.62976091390483
Lost Abbey Box Set: Track #8 (Number of the Beast),Belgian-Style Ales,Quadrupel / Abt,99.57683241280749
Jan Olbracht Rzemieślniczy Kord Red Wine Barrel Aged,Belgian-Style Ales,Quadrupel / Abt,99.47092892280276
Jan Olbracht Rzemieślniczy Kord Whiskey Barrel Aged,Belgian-Style Ales,Quadrupel / Abt,99.47092892280276
Nøgne Ø / Mallaskosken / Põhjala Belgian Triangle Whiskey Barrel,Belgian-Style Ales,Quadrupel / Abt,99.36495106766212
Buxton Quadrupel Barrel Aged,Belgian-Style Ales,Quadrupel / Abt,99.31192961289719
Unibroue Trois Pistoles,Belgian-Style Ales,Quadrupel / Abt,99.31192961289719
Struise Pannepøt - Old Monk's Ale - Pannepeut,Belgian-Style Ales,Quadrupel / Abt,99.31192961289719
Struise Rio Reserva (St Emilion Wine + Kentucky Bourbon B.A.),Belgian-Style Ales,Quadrupel / Abt,99.25888400019898
Trappist Achel Extra Bruin (de 3 Wijzen),Belgian-Style Ales,Quadrupel / Abt,99.25888400019898
AleSmith Quad,Belgian-Style Ales,Quadrupel / Abt,99.25888400019898
Jan Olbracht Rzemieslniczy Kord Red Wine Pinot Noir Barrel Aged,Belgian-Style Ales,Quadrupel / Abt,99.25888400019898
Hertog Jan Grand Prestige Vatgerijpt - Goose Island,Belgian-Style Ales,Quadrupel / Abt,99.2058123758887
Unibroue Terrible,Belgian-Style Ales,Quadrupel / Abt,99.15271288731444
Nøgne Ø Flotsam,Belgian-Style Ales,Quadrupel / Abt,99.15271288731444
St. Bernardus Abt 12 Oak Aged,Belgian-Style Ales,Quadrupel / Abt,99.09958368292428
Struise St. Amatus - Oostvleteren 12,Belgian-Style Ales,Quadrupel / Abt,98.99322872642753
Hair of the Dog Pannepooch Reserva,Belgian-Style Ales,Quadrupel / Abt,98.99322872642753
Hair of the Dog Pannepeuch,Belgian-Style Ales,Quadrupel / Abt,99.04642291233951
Struise Blue Monk Special Reserve (Bottled),Belgian-Style Ales,Quadrupel / Abt,98.99322872642753
Nøgne Ø Quadrupel (Red Wine Barrel Edition),Belgian-Style Ales,Quadrupel / Abt,98.93999927737498
St. Bernardus Christmas Ale,Belgian-Style Ales,Quadrupel / Abt,98.88673271876058
La Trappe Quadrupel Oak Aged Batch #33,Belgian-Style Ales,Quadrupel / Abt,98.88673271876058
St-Feuillien Quadruple,Belgian-Style Ales,Quadrupel / Abt,98.8334272056281
Jackie O's Skipping Stone - Bourbon Barrel,Belgian-Style Ales,Quadrupel / Abt,98.8334272056281
Voodoo The Quadfather - Bourbon,Belgian-Style Ales,Quadrupel / Abt,98.8334272056281
Hertog Jan Grand Prestige Vatgerijpt - Bourbon,Belgian-Style Ales,Quadrupel / Abt,98.78008089455913
Mikkeller Raspberry Quadrupel Brandy BA,Belgian-Style Ales,Quadrupel / Abt,98.78008089455913
De Halve Maan Straffe Hendrik Brugs Quadrupel,Belgian-Style Ales,Quadrupel / Abt,98.72669194374593
La Trappe Quadrupel,Belgian-Style Ales,Quadrupel / Abt,98.67325851306411
Iron Hill Oak Aged Quad,Belgian-Style Ales,Quadrupel / Abt,98.72669194374593
Lost Abbey Judgment Day,Belgian-Style Ales,Quadrupel / Abt,98.56625086044946
Dieu du Ciel! Rigor Mortis Abt,Belgian-Style Ales,Quadrupel / Abt,98.56625086044946
Adroit Theory All I See Is Carrion,Belgian-Style Ales,Quadrupel / Abt,98.56625086044946
Szałpiw Fest Buba,Belgian-Style Ales,Quadrupel / Abt,98.56625086044946
Boulevard Bourbon Barrel Quad,Belgian-Style Ales,Quadrupel / Abt,98.45904325214555
Nøgne Ø Jetsam,Belgian-Style Ales,Quadrupel / Abt,98.45904325214555
La Trappe Quadrupel Oak Aged Batch #26,Belgian-Style Ales,Quadrupel / Abt,98.45904325214555
Struise XXXX Quadrupel Reserva (Bourbon Barrel Aged),Belgian-Style Ales,Quadrupel / Abt,98.4053598842527
Struise XXX Rye Quad Reserva (Bourbon Barrel Aged),Belgian-Style Ales,Quadrupel / Abt,98.4053598842527
Hair of the Dog Pannepooch,Belgian-Style Ales,Quadrupel / Abt,98.51267296733799
Deschutes Not The Stoic,Belgian-Style Ales,Quadrupel / Abt,98.29782487855074
Sante Adairius Farmhouse Noir,Belgian-Style Ales,Saison / Farmhouse - Dark,98.4053598842527
Firestone Walker La Piccola Pepe di Sichuan,Belgian-Style Ales,Saison / Farmhouse - Dark,98.13607433490986
Upright Sole Composition: Single Cask Six,Belgian-Style Ales,Saison / Farmhouse - Dark,98.29782487855074
Hill Farmstead Edith (2013-),Belgian-Style Ales,Saison / Farmhouse - Dark,97.64713954000173
Jolly Pumpkin Saison Z,Belgian-Style Ales,Saison / Farmhouse - Dark,97.26239892036133
Dieu du Ciel! Isseki Nicho,Belgian-Style Ales,Saison / Farmhouse - Dark,97.04053442438494
Rockmill Cask Aged Noir,Belgian-Style Ales,Saison / Farmhouse - Dark,97.42781188506802
Side Project Noir du Fermier,Belgian-Style Ales,Saison / Farmhouse - Dark,96.98482194625215
Jackie O's Cabernet Barrel Aberrance,Belgian-Style Ales,Saison / Farmhouse - Dark,97.37276454538886
Tired Hands Guillemot,Belgian-Style Ales,Saison / Farmhouse - Dark,96.47860920125778
Tamamura-Honten Yamabushi Saison 2: Saison Noir Aged in Oak Barrels,Belgian-Style Ales,Saison / Farmhouse - Dark,96.47860920125778
Sante Adairius Always in Death,Belgian-Style Ales,Saison / Farmhouse - Dark,96.59187996379197
Rockmill Saison Noir,Belgian-Style Ales,Saison / Farmhouse - Dark,96.25064298414945
Block 15 La Ferme' de Demons,Belgian-Style Ales,Saison / Farmhouse - Dark,96.07836827061011
Firestone Walker La Piccola Virtuosa,Belgian-Style Ales,Saison / Farmhouse - Dark,95.31781063736233
Fantôme de Noël,Belgian-Style Ales,Saison / Farmhouse - Dark,94.95840940947201
Fantôme La Dalmatienne (Dark),Belgian-Style Ales,Saison / Farmhouse - Dark,94.89795761890711
Burning Sky Vintage Monolith,Belgian-Style Ales,Saison / Farmhouse - Dark,94.77656714181975
Funkwerks Dark Prøphet,Belgian-Style Ales,Saison / Farmhouse - Dark,94.28428739010982
Ommegang Game of Thrones - Three-Eyed Raven,Belgian-Style Ales,Saison / Farmhouse - Dark,93.45983900547799
Gigantic Too Much Coffee Man,Belgian-Style Ales,Saison / Farmhouse - Dark,93.84427623065493
Prairie Funky Galaxy,Belgian-Style Ales,Saison / Farmhouse - Dark,93.97090837021767
Tired Hands Undertow,Belgian-Style Ales,Saison / Farmhouse - Dark,93.0023998082573
Goose Island Sour Goose,Belgian-Style Ales,Saison / Farmhouse - Dark,92.73651759322013
Tired Hands Thesaurus,Belgian-Style Ales,Saison / Farmhouse - Dark,94.22197157972231
Monkish Hem & Haw,Belgian-Style Ales,Saison / Farmhouse - Dark,92.93624065698476
Upright Sole Composition: Yusef Lateef,Belgian-Style Ales,Saison / Farmhouse - Dark,92.53489849016941
Prairie Ape Snake,Belgian-Style Ales,Saison / Farmhouse - Dark,90.25758453032213
Siphon Cendre,Belgian-Style Ales,Saison / Farmhouse - Dark,90.18245862301849
Jolly Pumpkin / Jester King Citrus Commander,Belgian-Style Ales,Saison / Farmhouse - Dark,89.72637816883001
Arbor / Art Brew Down Deeperest,Belgian-Style Ales,Saison / Farmhouse - Dark,89.95556521171203
Gigantic The City Never Sleeps,Belgian-Style Ales,Saison / Farmhouse - Dark,90.48146031037827
Weird Beard / IMBC Hacienda,Belgian-Style Ales,Saison / Farmhouse - Dark,92.73651759322013
Jolly Pumpkin De Viento,Belgian-Style Ales,Saison / Farmhouse - Dark,90.03144993075992
Stillwater Existent,Belgian-Style Ales,Saison / Farmhouse - Dark,88.9455393943268
Cigar City Sea Bass,Belgian-Style Ales,Saison / Farmhouse - Dark,89.1825489393577
Tamamura-Honten Yamabushi Saison 2: Saison Noir,Belgian-Style Ales,Saison / Farmhouse - Dark,88.54518691250169
Shiga Kogen Isseki Nicho,Belgian-Style Ales,Saison / Farmhouse - Dark,91.42616260453379
Stronzo Saison Noir,Belgian-Style Ales,Saison / Farmhouse - Dark,89.33923484318376
Le Castor Dark Farmhouse,Belgian-Style Ales,Saison / Farmhouse - Dark,87.80746707433562
Struise Sargasso,Belgian-Style Ales,Saison / Farmhouse - Dark,87.21822109253247
Stillwater A Saison Darkly,Belgian-Style Ales,Saison / Farmhouse - Dark,87.89053334946438
Trinity You Never Even Call Me By My Name,Belgian-Style Ales,Saison / Farmhouse - Dark,90.62946925428379
Blackberry Farm Winter Saison,Belgian-Style Ales,Saison / Farmhouse - Dark,86.61520754121675
Goose Island Pepe Nero,Belgian-Style Ales,Saison / Farmhouse - Dark,87.13292387720553
Bullfrog Magic Beans,Belgian-Style Ales,Saison / Farmhouse - Dark,87.64050393808279
Green Bench Webb's City Cellar Series: Famous Flying Zacchinis,Belgian-Style Ales,Saison / Farmhouse - Dark,88.9455393943268
Partizan Saison Black Saaz,Belgian-Style Ales,Saison / Farmhouse - Dark,90.84964083063672
Jolly Pumpkin Bam Noire,Belgian-Style Ales,Saison / Farmhouse - Dark,83.96671473586598
Weird Beard / IMBC Hacienda (Bourbon Barrel),Belgian-Style Ales,Saison / Farmhouse - Dark,87.64050393808279
Side Project Framboise du Fermier,Belgian-Style Ales,Saison / Farmhouse - Flavored,99.89424532593878
Hill Farmstead Clover,Belgian-Style Ales,Saison / Farmhouse - Flavored,99.84136332462272
Bokke Abrighost,Belgian-Style Ales,Saison / Farmhouse - Flavored,99.84136332462272
Hill Farmstead Flora - Plum,Belgian-Style Ales,Saison / Farmhouse - Flavored,99.78847574252465
Hill Farmstead Flora - Blueberry/Black Currant/Raspberry,Belgian-Style Ales,Saison / Farmhouse - Flavored,99.78847574252465
Side Project Abricot du Fermier,Belgian-Style Ales,Saison / Farmhouse - Flavored,99.78847574252465
Sante Adairius West Ashley,Belgian-Style Ales,Saison / Farmhouse - Flavored,99.78847574252465
Hill Farmstead Flora - Cherry/Raspberry,Belgian-Style Ales,Saison / Farmhouse - Flavored,99.73558071972703
Grassroots Brother Soigné,Belgian-Style Ales,Saison / Farmhouse - Flavored,99.68267639660598
Sante Adairius Family Whistle,Belgian-Style Ales,Saison / Farmhouse - Flavored,99.62976091390483
Sante Adairius Cask Strawberry,Belgian-Style Ales,Saison / Farmhouse - Flavored,99.62976091390483
Tired Hands Sticky Drippy Crystals,Belgian-Style Ales,Saison / Farmhouse - Flavored,99.57683241280749
Sante Adairius A Thousand Summers,Belgian-Style Ales,Saison / Farmhouse - Flavored,99.57683241280749
Hill Farmstead Samuel,Belgian-Style Ales,Saison / Farmhouse - Flavored,99.52388903501175
Anchorage Love Buzz Saison,Belgian-Style Ales,Saison / Farmhouse - Flavored,99.52388903501175
Hill Farmstead Flora - Blueberry,Belgian-Style Ales,Saison / Farmhouse - Flavored,99.47092892280276
Hill Farmstead Flora - Peaches and Pears,Belgian-Style Ales,Saison / Farmhouse - Flavored,99.36495106766212
Suarez Family Backroads,Belgian-Style Ales,Saison / Farmhouse - Flavored,99.36495106766212
Hill Farmstead Flora - Cherry,Belgian-Style Ales,Saison / Farmhouse - Flavored,99.36495106766212
Forest & Main Paradisaea,Belgian-Style Ales,Saison / Farmhouse - Flavored,99.36495106766212
Sante Adairius Fruit Punch #1,Belgian-Style Ales,Saison / Farmhouse - Flavored,99.2058123758887
Monkish Same Tree,Belgian-Style Ales,Saison / Farmhouse - Flavored,99.2058123758887
Dunham Saison Réserve,Belgian-Style Ales,Saison / Farmhouse - Flavored,99.15271288731444
Equilibrium Austin - Boysenberry,Belgian-Style Ales,Saison / Farmhouse - Flavored,99.15271288731444
De Garde Petit Peche,Belgian-Style Ales,Saison / Farmhouse - Flavored,99.09958368292428
Grassroots Convivial Suarez,Belgian-Style Ales,Saison / Farmhouse - Flavored,99.04642291233951
Upright Sole Composition: Rose City Seven,Belgian-Style Ales,Saison / Farmhouse - Flavored,98.93999927737498
Upright Anniversary Saison,Belgian-Style Ales,Saison / Farmhouse - Flavored,99.04642291233951
Side Project Rosé du Blé,Belgian-Style Ales,Saison / Farmhouse - Flavored,98.99322872642753
Hill Farmstead Flora - Pear,Belgian-Style Ales,Saison / Farmhouse - Flavored,98.93999927737498
Upright Sole Composition: Saison du Blodget,Belgian-Style Ales,Saison / Farmhouse - Flavored,98.93999927737498
Side Project Kriek du Fermier,Belgian-Style Ales,Saison / Farmhouse - Flavored,98.93999927737498
Casey Family Preserves: Triple Crown Blackberry,Belgian-Style Ales,Saison / Farmhouse - Flavored,98.88673271876058
Hill Farmstead Flora - Blueberry/Black Currant/Raspberry/Cherry,Belgian-Style Ales,Saison / Farmhouse - Flavored,98.88673271876058
Casey Family Preserves: Apricot,Belgian-Style Ales,Saison / Farmhouse - Flavored,98.8334272056281
Hill Farmstead / Kissmeyer / Cambridge Nordic Saison,Belgian-Style Ales,Saison / Farmhouse - Flavored,98.78008089455913
Tired Hands Rustic Pentagram,Belgian-Style Ales,Saison / Farmhouse - Flavored,98.78008089455913
Casey Family Preserves: Balaton Cherry,Belgian-Style Ales,Saison / Farmhouse - Flavored,98.8334272056281
Casey East Bank,Belgian-Style Ales,Saison / Farmhouse - Flavored,98.78008089455913
Casey Fruit Stand Farmhouse Ale - Amber/Italian Plum,Belgian-Style Ales,Saison / Farmhouse - Flavored,98.99322872642753
De Garde Dame Rouge,Belgian-Style Ales,Saison / Farmhouse - Flavored,98.56625086044946
Casey Fruit Stand Farmhouse Ale - Sweet Hedelfingen Cherry,Belgian-Style Ales,Saison / Farmhouse - Flavored,98.78008089455913
Casey Fruit Stand Farmhouse Ale - Apricot,Belgian-Style Ales,Saison / Farmhouse - Flavored,98.51267296733799
Crooked Stave Zeke's Belly Up Citrus Surette,Belgian-Style Ales,Saison / Farmhouse - Flavored,98.61977876414524
Casey Fruit Stand Farmhouse Ale - Peach,Belgian-Style Ales,Saison / Farmhouse - Flavored,98.56625086044946
Tired Hands Enhanced Sincerity,Belgian-Style Ales,Saison / Farmhouse - Flavored,98.51267296733799
Casey Fruit Stand Farmhouse Ale - Plum,Belgian-Style Ales,Saison / Farmhouse - Flavored,98.56625086044946
Suarez Family Call to Mind,Belgian-Style Ales,Saison / Farmhouse - Flavored,98.243969590382
Alefarm Soft Fuzz,Belgian-Style Ales,Saison / Farmhouse - Flavored,98.243969590382
Casey Fruit Stand Farmhouse Ale - Nectarine,Belgian-Style Ales,Saison / Farmhouse - Flavored,98.29782487855074
Hill Farmstead Ann,Belgian-Style Ales,Saison / Farmhouse / Grisette,100.00000002692344
Hill Farmstead Dorothy - Wine Barrel Aged,Belgian-Style Ales,Saison / Farmhouse / Grisette,99.94712360661077
Hill Farmstead Arthur Puncheon,Belgian-Style Ales,Saison / Farmhouse / Grisette,99.84136332462272
Sante Adairius Saison Bernice,Belgian-Style Ales,Saison / Farmhouse / Grisette,99.73558071972703
Hill Farmstead Art,Belgian-Style Ales,Saison / Farmhouse / Grisette,99.68267639660598
Sante Adairius To The Choir,Belgian-Style Ales,Saison / Farmhouse / Grisette,99.68267639660598
Hill Farmstead Flora,Belgian-Style Ales,Saison / Farmhouse / Grisette,99.62976091390483
Side Project Oude du Blé,Belgian-Style Ales,Saison / Farmhouse / Grisette,99.62976091390483
Side Project Saison du Fermier - Pinot Noir Puncheons,Belgian-Style Ales,Saison / Farmhouse / Grisette,99.62976091390483
Tired Hands HandFarm,Belgian-Style Ales,Saison / Farmhouse / Grisette,99.62976091390483
Hill Farmstead Anna,Belgian-Style Ales,Saison / Farmhouse / Grisette,99.57683241280749
Hill Farmstead Arthur,Belgian-Style Ales,Saison / Farmhouse / Grisette,99.52388903501175
Casey Brett Loves Citra,Belgian-Style Ales,Saison / Farmhouse / Grisette,99.52388903501175
Sante Adairius / Triple Rock Cellarman Barrel-Aged Saison,Belgian-Style Ales,Saison / Farmhouse / Grisette,99.52388903501175
Side Project Saison du Blé,Belgian-Style Ales,Saison / Farmhouse / Grisette,99.52388903501175
Sante Adairius Nonna's Blend #6,Belgian-Style Ales,Saison / Farmhouse / Grisette,99.47092892280276
Hill Farmstead Dorothy (2015-),Belgian-Style Ales,Saison / Farmhouse / Grisette,99.47092892280276
Bokke Zomersaison,Belgian-Style Ales,Saison / Farmhouse / Grisette,99.47092892280276
Sante Adairius Recency Effect,Belgian-Style Ales,Saison / Farmhouse / Grisette,99.47092892280276
Upright Flora Rustica (Barrel Aged),Belgian-Style Ales,Saison / Farmhouse / Grisette,99.47092892280276
Side Project Saison du Fermier,Belgian-Style Ales,Saison / Farmhouse / Grisette,99.47092892280276
Sante Adairius Nonna's Blend #9,Belgian-Style Ales,Saison / Farmhouse / Grisette,99.41795021912631
Suarez Family 100 Ft North Vintage,Belgian-Style Ales,Saison / Farmhouse / Grisette,99.31192961289719
Dunham Saison du Pinacle Réserve,Belgian-Style Ales,Saison / Farmhouse / Grisette,99.31192961289719
Hill Farmstead Civil Disobedience (Release 26),Belgian-Style Ales,Saison / Farmhouse / Grisette,99.31192961289719
Boulevard Saison Brett,Belgian-Style Ales,Saison / Farmhouse / Grisette,99.31192961289719
Suarez Family 100 Ft North,Belgian-Style Ales,Saison / Farmhouse / Grisette,99.25888400019898
Sante Adairius Lady In Grey,Belgian-Style Ales,Saison / Farmhouse / Grisette,99.25888400019898
Hill Farmstead Table Dorothy,Belgian-Style Ales,Saison / Farmhouse / Grisette,99.2058123758887
Forest & Main Moeder Seizoen,Belgian-Style Ales,Saison / Farmhouse / Grisette,99.2058123758887
Allagash Century Ale,Belgian-Style Ales,Saison / Farmhouse / Grisette,99.2058123758887
Sante Adairius Cask 200,Belgian-Style Ales,Saison / Farmhouse / Grisette,99.2058123758887
Le Trou du Diable Dulcis Succubus,Belgian-Style Ales,Saison / Farmhouse / Grisette,99.15271288731444
Sante Adairius / Side Project Matrices,Belgian-Style Ales,Saison / Farmhouse / Grisette,99.09958368292428
Hill Farmstead Anna - Motueka,Belgian-Style Ales,Saison / Farmhouse / Grisette,99.09958368292428
Hill Farmstead Florence Puncheon,Belgian-Style Ales,Saison / Farmhouse / Grisette,99.09958368292428
Side Project Saison du Fermier - Missouri Oak Foedres,Belgian-Style Ales,Saison / Farmhouse / Grisette,99.09958368292428
Sante Adairius Foudre #2,Belgian-Style Ales,Saison / Farmhouse / Grisette,99.04642291233951
Casey Funky Blender,Belgian-Style Ales,Saison / Farmhouse / Grisette,99.04642291233951
Sante Adairius Wondermutt,Belgian-Style Ales,Saison / Farmhouse / Grisette,98.99322872642753
Suarez Family Big Night,Belgian-Style Ales,Saison / Farmhouse / Grisette,98.99322872642753
Tired Hands Ourison,Belgian-Style Ales,Saison / Farmhouse / Grisette,98.99322872642753
Casey Dry Hop Saison - Cascade,Belgian-Style Ales,Saison / Farmhouse / Grisette,98.99322872642753
Tired Hands Shambolic,Belgian-Style Ales,Saison / Farmhouse / Grisette,98.88673271876058
Hill Farmstead Florence,Belgian-Style Ales,Saison / Farmhouse / Grisette,98.88673271876058
Prairie Brett C.,Belgian-Style Ales,Saison / Farmhouse / Grisette,98.88673271876058
Holy Mountain The Gray Tower (Blend #3),Belgian-Style Ales,Saison / Farmhouse / Grisette,98.88673271876058
Beyond the Pale Saison Tropicale,Belgian-Style Ales,Saison / Farmhouse / Grisette,98.88673271876058
Hill Farmstead Self-Reliance: Motueka,Belgian-Style Ales,Saison / Farmhouse / Grisette,98.8334272056281
Forest & Main Lunaire,Belgian-Style Ales,Saison / Farmhouse / Grisette,98.88673271876058
Le Trou du Diable La Buteuse Brassin Spécial (Calvados),Belgian-Style Ales,Tripel,99.25888400019898
Tripel Karmeliet,Belgian-Style Ales,Tripel,99.25888400019898
Dupont Avec les Bons Voeux,Belgian-Style Ales,Tripel,98.99322872642753
Allagash Tripel Reserve,Belgian-Style Ales,Tripel,98.78008089455913
Russian River Damnation Batch 23/46/69 (Oak Aged),Belgian-Style Ales,Tripel,98.78008089455913
Anchorage The Tide and Its Takers Triple,Belgian-Style Ales,Tripel,98.67325851306411
De Dolle Dulle Teve 10º (Mad Bitch),Belgian-Style Ales,Tripel,98.67325851306411
Dieu du Ciel! Herbe à Détourne,Belgian-Style Ales,Tripel,98.67325851306411
Westmalle Tripel,Belgian-Style Ales,Tripel,98.61977876414524
Trappistes Rochefort Triple Extra,Belgian-Style Ales,Tripel,98.51267296733799
Unibroue La Fin du Monde,Belgian-Style Ales,Tripel,98.243969590382
De la Senne Tripel Verschueren,Belgian-Style Ales,Tripel,98.19005334893765
Chimay Triple (Blanche / White),Belgian-Style Ales,Tripel,97.91949425504741
St. Bernardus Tripel,Belgian-Style Ales,Tripel,97.86517417772781
Vox Populi Anna,Belgian-Style Ales,Tripel,97.86517417772781
Allagash Curieux,Belgian-Style Ales,Tripel,97.81078046652551
Charlevoix 8e Jour,Belgian-Style Ales,Tripel,97.86517417772781
Trappist Achel Blond Extra,Belgian-Style Ales,Tripel,97.48277127454877
Het Anker Gouden Carolus Tripel,Belgian-Style Ales,Tripel,97.37276454538886
De Gijzelse Microbrouwerij 't Gijzelaarke Tripel,Belgian-Style Ales,Tripel,97.37276454538886
Vox Populi Anna - Simcoe,Belgian-Style Ales,Tripel,97.31762748085725
Ommegang Game of Thrones - Valar Dohaeris,Belgian-Style Ales,Tripel,97.15166024515932
Tripel de Garre,Belgian-Style Ales,Tripel,96.87308911258671
Faktoria Attila,Belgian-Style Ales,Tripel,96.76093416716394
Charlevoix Dominus Vobiscum Triple,Belgian-Style Ales,Tripel,96.64834323823139
Du Lac Saint-Jean Tante Tricotante (Chardonnay),Belgian-Style Ales,Tripel,96.70469406495718
Le Trou du Diable La Buteuse,Belgian-Style Ales,Tripel,96.59187996379197
Ommegang Tripel Perfection,Belgian-Style Ales,Tripel,96.30781687862039
St-Feuillien Triple,Belgian-Style Ales,Tripel,96.07836827061011
Vox Populi Anna Assemblage,Belgian-Style Ales,Tripel,96.19334470768855
Trzech Kumpli / Piwne Podziemie Tripadelic,Belgian-Style Ales,Tripel,95.90492876843723
Midnight Sun Panty Peeler,Belgian-Style Ales,Tripel,96.0206867534079
Dunham Triple XXX (2),Belgian-Style Ales,Tripel,95.90492876843723
Sante Adairius / Prairie Meh...,Belgian-Style Ales,Tripel,95.78863310574405
Wäls Trippel,Belgian-Style Ales,Tripel,95.43638830951552
Unibroue La Fringante,Belgian-Style Ales,Tripel,95.49545508119829
La Rulles Triple,Belgian-Style Ales,Tripel,95.07883390106052
Maltus Faber Triple Hop,Belgian-Style Ales,Tripel,95.19863008865339
Allagash Barrel & Bean,Belgian-Style Ales,Tripel,94.95840940947201
De Dochter van de Korenaar Finesse Pure Oak Series,Belgian-Style Ales,Tripel,94.89795761890711
Sockeye Big Creek Trappist,Belgian-Style Ales,Tripel,95.55437596264241
Extraomnes Tripel,Belgian-Style Ales,Tripel,94.71562535192794
Het Nest Schuppenboer Tripel Grand Cru,Belgian-Style Ales,Tripel,94.59324095975263
Minne Ardenne Triple au Cognac Léonard,Belgian-Style Ales,Tripel,94.53179529333786
Jolly Pumpkin Baudelaire Biére Series: Ale Absurd Rye Tripel (2017),Belgian-Style Ales,Tripel,94.65451713636593
Cloudwater Tripel Bourbon BA,Belgian-Style Ales,Tripel,94.65451713636593
De Ryck Gouden Arend 125 Years,Belgian-Style Ales,Tripel,94.15947724964009
Warped Wing Pirogue,Belgian-Style Ales,Tripel,94.09680291920354
Dieu du Ciel! Rigor Mortis Tripel,Belgian-Style Ales,Tripel,95.43638830951552
Bridge Road / Nøgne Ø Aurora Australis II,Belgian-Style Ales,Tripel,93.90768522611202
Schilling Augustin 13˚,Lagers,Amber Lager - Czech / Polotmavý,86.17594947745107
Vinohradský Jantarová 13,Lagers,Amber Lager - Czech / Polotmavý,85.90895154935313
Svatý Norbert Jantar 13°,Lagers,Amber Lager - Czech / Polotmavý,85.45817888375359
Miłosław Chmielowy Lager,Lagers,Amber Lager - Czech / Polotmavý,74.42480777166939
MaBrasserie PILŽ Polotmavý,Lagers,Amber Lager - Czech / Polotmavý,71.19520622851041
Rohan Polotmavý Speciál 13°,Lagers,Amber Lager - Czech / Polotmavý,72.20708436260338
Matuška Knír 14%,Lagers,Amber Lager - Czech / Polotmavý,69.51831882777766
Bašta Polotmavý Speciál 12°,Lagers,Amber Lager - Czech / Polotmavý,71.06762745306455
Matuška Jitrnice (Lezak),Lagers,Amber Lager - Czech / Polotmavý,68.86306329073733
Rapp Polotmavý Speziál,Lagers,Amber Lager - Czech / Polotmavý,69.64869754626304
Svaty Florian Polotmavé 11°,Lagers,Amber Lager - Czech / Polotmavý,69.25688535071248
Matuška Svatomartinský Polotmavý Speciál 16°,Lagers,Amber Lager - Czech / Polotmavý,64.13179527135918
Antoš Polotmavá 13°,Lagers,Amber Lager - Czech / Polotmavý,62.45829649939023
Hostivar Polotmavá Dvanáctka 12°,Lagers,Amber Lager - Czech / Polotmavý,62.31781061418818
Únětický Vánoční Speciál 13° Polotmavé,Lagers,Amber Lager - Czech / Polotmavý,61.895455057769944
L'Amère à Boire Drak,Lagers,Amber Lager - Czech / Polotmavý,58.32900739855992
Kamenice Kamenická 13 Polotmavá,Lagers,Amber Lager - Czech / Polotmavý,58.040534399053186
Komín Polotmavý Ležiak 12°,Lagers,Amber Lager - Czech / Polotmavý,57.027811859359765
Zichovec Magor 15,Lagers,Amber Lager - Czech / Polotmavý,54.25904322566781
Clock Maid  12° Polotmavý Ležák,Lagers,Amber Lager - Czech / Polotmavý,54.551621008743766
Kolčavka Extra Hořká 12°,Lagers,Amber Lager - Czech / Polotmavý,53.08673269207117
U Medvídků Oldgott Barique Ležak 13°,Lagers,Amber Lager - Czech / Polotmavý,51.76495104081516
Matuška Svatomartinský Polotmavý Speciál 15°,Lagers,Amber Lager - Czech / Polotmavý,48.83342717896145
Nils Oscar Granat,Lagers,Amber Lager - Czech / Polotmavý,49.20581234908474
Full Sail Session Fest Red Lager,Lagers,Amber Lager - Czech / Polotmavý,49.41795019226714
U Tří Růží Polotmavý Ležák,Lagers,Amber Lager - Czech / Polotmavý,47.5376444661506
BAŤAK Polotmavý ležiak 11°,Lagers,Amber Lager - Czech / Polotmavý,47.59243329296732
Notch Polotmavy,Lagers,Amber Lager - Czech / Polotmavý,47.42781185935977
U Dvou Koček Polotmavá Kočka 12°,Lagers,Amber Lager - Czech / Polotmavý,47.7017649176714
Zlínský Švec Polotmavý Ležák 11°,Lagers,Amber Lager - Czech / Polotmavý,47.262398894808385
Herold Granát Polotmavé Silné Pivo 14° (Czech Granát Lager),Lagers,Amber Lager - Czech / Polotmavý,46.87308908743136
Koníček Grošák 14%,Lagers,Amber Lager - Czech / Polotmavý,46.64834321332513
Opat Sváteční Speciál 17%,Lagers,Amber Lager - Czech / Polotmavý,46.478609176548666
Beznoska Klíčák 11°,Lagers,Amber Lager - Czech / Polotmavý,46.3078168541172
Mazák Jantar 11°,Lagers,Amber Lager - Czech / Polotmavý,46.07836824639502
Dobřanské Pivo Dobřanský Dragoun Polotmavý Special 16%,Lagers,Amber Lager - Czech / Polotmavý,46.020686729267226
Ferdinand Specialní Polotmavé Sedm Kulí 13%,Lagers,Amber Lager - Czech / Polotmavý,45.55437593913117
Jihoměstský Jihoměšt'an 11°,Lagers,Amber Lager - Czech / Polotmavý,46.07836824639502
Herold Czech Bronze Lager 14°,Lagers,Amber Lager - Czech / Polotmavý,45.018700958250676
Třebonice 12° Plnicí Pero Polotmavý Ležák,Lagers,Amber Lager - Czech / Polotmavý,49.68267636970165
Moritz Maisel 11%,Lagers,Amber Lager - Czech / Polotmavý,44.95840938683088
FABRIKA 14° Polotmavy Leziak,Lagers,Amber Lager - Czech / Polotmavý,45.49545505776994
Národní Czech Lion 13° Polotmavý Ležák,Lagers,Amber Lager - Czech / Polotmavý,44.715625329660085
Hendrych H13,Lagers,Amber Lager - Czech / Polotmavý,44.28428736852888
Muflon Polotmavý Ležák 12°,Lagers,Amber Lager - Czech / Polotmavý,45.078833878238115
Žumberk Polotmavý Ležák 13°,Lagers,Amber Lager - Czech / Polotmavý,44.221971558242934
Stupavar Jantár 12%,Lagers,Amber Lager - Czech / Polotmavý,43.58875293514219
Na Rychtě Vojtěch,Lagers,Amber Lager - Czech / Polotmavý,42.33134837538618
Bernard Jantarový Ležák 12° / Amber Lager / Řezaný Ležák,Lagers,Amber Lager - Czech / Polotmavý,41.98771435985682
Bratčice Polotmavý Speciál 13°,Lagers,Amber Lager - Czech / Polotmavý,42.19455858587577
Ayinger Celebrator Doppelbock,Lagers,Bock - Doppelbock,99.68267639660598
Schloss Eggenberg Samichlaus Schwarzes,Lagers,Bock - Doppelbock,98.78008089455913
Vrooden Ur-Bock Signature,Lagers,Bock - Doppelbock,98.45904325214555
Hoppin' Frog Frogichlaus,Lagers,Bock - Doppelbock,98.29782487855074
Andechser Doppelbock Dunkel,Lagers,Bock - Doppelbock,98.29782487855074
Weltenburger Kloster Asam Bock,Lagers,Bock - Doppelbock,98.08203073146888
Grand Teton Double Vision Doppelbock,Lagers,Bock - Doppelbock,97.81078046652551
Weihenstephaner Korbinian,Lagers,Bock - Doppelbock,97.42781188506802
Les Trois Mousquetaires Doppelbock,Lagers,Bock - Doppelbock,97.42781188506802
The Duck-Rabbit Duck-Rabbator Dopplebock,Lagers,Bock - Doppelbock,97.31762748085725
Tröegs Troegenator Doublebock - Bourbon,Lagers,Bock - Doppelbock,97.2070770964013
Garage Project Dark Arts,Lagers,Bock - Doppelbock,97.31762748085725
Schloss Eggenberg Samichlaus Classic Barrique,Lagers,Bock - Doppelbock,96.76093416716394
Vrooden Ur-Bock,Lagers,Bock - Doppelbock,96.70469406495718
Sun King Afternoon Delight,Lagers,Bock - Doppelbock,96.53530252288353
Uiltje Apfelstrudel Doppelbock,Lagers,Bock - Doppelbock,96.30781687862039
Hamburger Senatsbock Die Koffie un Koken Edition (2019),Lagers,Bock - Doppelbock,95.96287414117887
Ettaler Curator Doppelbock,Lagers,Bock - Doppelbock,95.73027951128864
Cigar City Confectionator,Lagers,Bock - Doppelbock,95.43638830951552
De Molen / Poch’s Cliffhanger,Lagers,Bock - Doppelbock,95.37717403162036
Jack's Abby Baby Maker,Lagers,Bock - Doppelbock,95.25829652247782
Rupp-Bräu Dunkler Doppelbock,Lagers,Bock - Doppelbock,95.67178654744323
Smuttynose Big Beer Series: S'muttonator,Lagers,Bock - Doppelbock,95.13880974358896
Croce di Malto Due Mondi,Lagers,Bock - Doppelbock,95.25829652247782
Capital Autumnal Fire,Lagers,Bock - Doppelbock,94.89795761890711
Wolverine State Wolverine Massacre Imperial Dark Lager,Lagers,Bock - Doppelbock,94.89795761890711
Amager American Outlaws: Cherokee Bill,Lagers,Bock - Doppelbock,94.47017861506251
Capital Dark Doppelbock,Lagers,Bock - Doppelbock,94.40838940961876
Perrin Black Goat,Lagers,Bock - Doppelbock,93.45983900547799
Augustiner Maximator,Lagers,Bock - Doppelbock,93.52439318382422
Lickinghole Creek German Chocolate Cake,Lagers,Bock - Doppelbock,93.39508902118087
Kees Indian Summer Doppelbock (Speyside BA),Lagers,Bock - Doppelbock,93.52439318382422
Prösslbräu Adlersberg Palmator Doppelbock,Lagers,Bock - Doppelbock,93.52439318382422
Marthas Weathertop Doppelbock,Lagers,Bock - Doppelbock,93.52439318382422
Graff Julebokk,Lagers,Bock - Doppelbock,92.93624065698476
Spaten Optimator,Lagers,Bock - Doppelbock,92.93624065698476
Vrooden Doppelbock,Lagers,Bock - Doppelbock,92.46726471929907
Walhalla Heimdall,Lagers,Bock - Doppelbock,92.1945586038071
Nøgne Ø Gjertruds Vintervarmer,Lagers,Bock - Doppelbock,92.2630633087945
Mikkeller San Diego Tripper Bocker,Lagers,Bock - Doppelbock,92.2630633087945
Vetters 33,Lagers,Bock - Doppelbock,92.1945586038071
Hacker-Pschorr Animator,Lagers,Bock - Doppelbock,92.12583303522595
Jack's Abby Saxonator Dunkles Doppelbock,Lagers,Bock - Doppelbock,91.8486975635547
Avery The Kaiser Imperial Oktoberfest,Lagers,Bock - Doppelbock,91.8486975635547
Duits & Lauret Houtgerijpte Rook Dubbelbock,Lagers,Bock - Doppelbock,91.56793109129647
Sudwerk Doppel Bock Ultimator,Lagers,Bock - Doppelbock,91.98771437740643
Karbach 017 Brandy You’re A Fine Girl,Lagers,Bock - Doppelbock,91.28345830799974
Schloss Eggenberg Samichlaus Classic,Lagers,Bock - Doppelbock,90.70310431750114
Hutthurmer Kulinator,Lagers,Bock - Doppelbock,90.84964083063672
Against the Grain / Way My Way Or The Way Way (Stave It For Later),Lagers,Bock - Doppelbock,90.92254439120185
Suarez Family Palatine Pils,Lagers,Pilsener / Pils / Pilsner,98.243969590382
Hill Farmstead Mary,Lagers,Pilsener / Pils / Pilsner,97.91949425504741
Nepomucen From The Woodland,Lagers,Pilsener / Pils / Pilsner,97.04053442438494
Deschutes Pub Reserve Series: Pilsner Pie,Lagers,Pilsener / Pils / Pilsner,97.42781188506802
Buddelship / La Pirata Jam Session II,Lagers,Pilsener / Pils / Pilsner,96.92900742377506
Nómada Naturepils,Lagers,Pilsener / Pils / Pilsner,97.04053442438494
Live Oak Gold,Lagers,Pilsener / Pils / Pilsner,96.47860920125778
Persephone Amarillo Pilsner,Lagers,Pilsener / Pils / Pilsner,96.42179828924125
Suarez Family Qualify Pils,Lagers,Pilsener / Pils / Pilsner,96.25064298414945
Highland Park Timbo Pils,Lagers,Pilsener / Pils / Pilsner,96.25064298414945
Sly Fox Keller Pils,Lagers,Pilsener / Pils / Pilsner,96.36486808180267
Trzech Kumpli ITAPils,Lagers,Pilsener / Pils / Pilsner,95.67178654744323
Funky Fluid Tomyski Pils,Lagers,Pilsener / Pils / Pilsner,95.49545508119829
Schilling Hanse,Lagers,Pilsener / Pils / Pilsner,95.73027951128864
Le Trou du Diable / Dieu du Ciel! La Divine Comédie,Lagers,Pilsener / Pils / Pilsner,95.55437596264241
pFriem Pilsner,Lagers,Pilsener / Pils / Pilsner,94.28428739010982
Le Castor Pilsner,Lagers,Pilsener / Pils / Pilsner,94.28428739010982
Birrificio Italiano Tipopils,Lagers,Pilsener / Pils / Pilsner,94.03394711485916
Birrificio Italiano Extra Hop,Lagers,Pilsener / Pils / Pilsner,94.03394711485916
Red Rock Fröhlich Pils,Lagers,Pilsener / Pils / Pilsner,93.97090837021767
Gänstaller Bräu Pils,Lagers,Pilsener / Pils / Pilsner,93.90768522611202
Bierstadt Slow Pour Pils,Lagers,Pilsener / Pils / Pilsner,93.26499607607798
Finback Telephone Lines,Lagers,Pilsener / Pils / Pilsner,93.58875295555991
The Kernel Pils Ella,Lagers,Pilsener / Pils / Pilsner,93.33014183932261
Burdock Westcoast Pilsener,Lagers,Pilsener / Pils / Pilsner,94.28428739010982
Deya NZ Pils,Lagers,Pilsener / Pils / Pilsner,92.80330087317742
Russian River STS Pils,Lagers,Pilsener / Pils / Pilsner,92.73651759322013
Suarez Family Cabana,Lagers,Pilsener / Pils / Pilsner,92.6695236366863
Upright Engelberg Pilsener,Lagers,Pilsener / Pils / Pilsner,92.53489849016941
Jack's Abby Post Shift,Lagers,Pilsener / Pils / Pilsner,92.39941511017955
Black Raven Hochzeit Pilsner,Lagers,Pilsener / Pils / Pilsner,92.53489849016941
Rittmayer Bitter 58,Lagers,Pilsener / Pils / Pilsner,91.7788493331748
ReCraft / Piwne Podziemie La Dolce Vita,Lagers,Pilsener / Pils / Pilsner,91.35492800144702
Cloudwater It Took Over The Airports,Lagers,Pilsener / Pils / Pilsner,91.70877296371874
Victory Braumeister Pils,Lagers,Pilsener / Pils / Pilsner,91.28345830799974
"Cloudwater Our Highs, Their Lows Pilsner (Crop Year 2019 - Series 15)",Lagers,Pilsener / Pils / Pilsner,91.21175239786433
The Kernel Pils Motueka,Lagers,Pilsener / Pils / Pilsner,90.92254439120185
Schönramer Grünhopfen Pils,Lagers,Pilsener / Pils / Pilsner,90.5555882622874
Fieldwork Outdoor,Lagers,Pilsener / Pils / Pilsner,91.06762746888975
Gradl Leupser Pils,Lagers,Pilsener / Pils / Pilsner,90.25758453032213
Other Half Watch It Fall Slowly,Lagers,Pilsener / Pils / Pilsner,91.7788493331748
Victory Prima Pils,Lagers,Pilsener / Pils / Pilsner,90.03144993075992
Maltgarden Museum of Classic Beers: Hallertauer Pils,Lagers,Pilsener / Pils / Pilsner,89.80303026766664
Piwne Podziemie Oh My Pils!,Lagers,Pilsener / Pils / Pilsner,89.80303026766664
Alternatywa 4#4 Whisky Pils,Lagers,Pilsener / Pils / Pilsner,89.95556521171203
Cloudburst Happy Little Clouds,Lagers,Pilsener / Pils / Pilsner,89.49487233486603
Foundation Riverton Flyer,Lagers,Pilsener / Pils / Pilsner,89.80303026766664
Garage Project / Firestone Walker Hāpi Sessions Vol. 2 - Riwaka Express,Lagers,Pilsener / Pils / Pilsner,89.87942563800387
Vrooden Hopfen Pilsner,Lagers,Pilsener / Pils / Pilsner,90.03144993075992
Local Option Outlawger,Lagers,Pilsener / Pils / Pilsner,89.02480778358996
AleSmith IPA,Anglo-American Ales,IPA,99.84136332462272
Bell's Two Hearted Ale,Anglo-American Ales,IPA,99.73558071972703
Ballast Point Sculpin IPA,Anglo-American Ales,IPA,99.62976091390483
Maine Beer Lunch,Anglo-American Ales,IPA,99.62976091390483
Maine Beer Another One,Anglo-American Ales,IPA,99.62976091390483
Russian River Blind Pig IPA,Anglo-American Ales,IPA,99.57683241280749
Surly / Amager Todd - The Axe Man (Surly Version),Anglo-American Ales,IPA,99.52388903501175
La Cumbre Elevated IPA,Anglo-American Ales,IPA,99.47092892280276
Fat Head's Head Hunter IPA,Anglo-American Ales,IPA,99.47092892280276
Le Castor Yakima IPA,Anglo-American Ales,IPA,99.41795021912631
Satyr Brews Menace IPA,Anglo-American Ales,IPA,99.41795021912631
Surly Furious,Anglo-American Ales,IPA,99.36495106766212
Town Hall Masala Mama IPA,Anglo-American Ales,IPA,99.36495106766212
Russian River Hopfather,Anglo-American Ales,IPA,99.31192961289719
Stone IPA (India Pale Ale),Anglo-American Ales,IPA,99.25888400019898
Lawson's Finest Triple Play IPA,Anglo-American Ales,IPA,99.25888400019898
Driftwood Sartori Harvest IPA,Anglo-American Ales,IPA,99.2058123758887
Bas-Canada Bank Hotel,Anglo-American Ales,IPA,99.15271288731444
Great Lakes Brewery Karma Citra,Anglo-American Ales,IPA,99.15271288731444
The Kernel India Pale Ale Citra Mosaic,Anglo-American Ales,IPA,99.15271288731444
Alpine Beer Company Duet,Anglo-American Ales,IPA,99.15271288731444
Three Floyds BrooDoo,Anglo-American Ales,IPA,99.09958368292428
Dieu du Ciel! / The Alchemist Moralité,Anglo-American Ales,IPA,99.09958368292428
Amager Batch 1000,Anglo-American Ales,IPA,99.04642291233951
The Kernel India Pale Ale Mosaic,Anglo-American Ales,IPA,99.04642291233951
The Kernel India Pale Ale Citra,Anglo-American Ales,IPA,99.04642291233951
La Cumbre Project Dank,Anglo-American Ales,IPA,98.99322872642753
Les Trois Mousquetaires IPA,Anglo-American Ales,IPA,98.93999927737498
The Kernel India Pale Ale S.A.NS,Anglo-American Ales,IPA,98.99322872642753
Great Lakes Brewery Thrust! ...An IPA - IPA,Anglo-American Ales,IPA,98.93999927737498
Three Floyds Alpha Khan,Anglo-American Ales,IPA,98.93999927737498
Half Acre Beer Hates Astronauts,Anglo-American Ales,IPA,98.93999927737498
Societe The Pupil,Anglo-American Ales,IPA,98.88673271876058
Founders Harvest Ale,Anglo-American Ales,IPA,98.88673271876058
Garage Project Unconditional Love Mix Tape IPA,Anglo-American Ales,IPA,98.88673271876058
Firestone Walker Union Jack IPA,Anglo-American Ales,IPA,98.8334272056281
Bear Republic Racer 5 IPA,Anglo-American Ales,IPA,98.78008089455913
The Kernel India Pale Ale Mosaic Chinook Simcoe,Anglo-American Ales,IPA,98.99322872642753
The Kernel India Pale Ale Ella Chinook Citra Centennial,Anglo-American Ales,IPA,98.93999927737498
Fat Head's IBUsive IPA,Anglo-American Ales,IPA,98.78008089455913
Cigar City Jai Alai India Pale Ale,Anglo-American Ales,IPA,98.56625086044946
Port Brewing Wipeout IPA,Anglo-American Ales,IPA,98.56625086044946
Alpine Beer Company O'Briens IPA,Anglo-American Ales,IPA,98.61977876414524
New England Supernaut IPA,Anglo-American Ales,IPA,98.61977876414524
Vox Populi Vox Pop IPA - Citra,Anglo-American Ales,IPA,98.56625086044946
Lawson's Finest Chinookerd IPA,Anglo-American Ales,IPA,98.51267296733799
Beachwood Amalgamator,Anglo-American Ales,IPA,98.51267296733799
8 Wired HopWired IPA,Anglo-American Ales,IPA,98.51267296733799
Nova Runda C4,Anglo-American Ales,IPA,98.45904325214555
Oskar Blues Deviant Dale's India Pale Ale,Anglo-American Ales,IPA,98.51267296733799
The Referend Berliner Messe,Sour Beer,Berliner Weisse,97.86517417772781
Stu Mostów ART9 / Bristol Brewing Oatmeal Hoptart,Sour Beer,Berliner Weisse,97.59243331882173
Sante Adairius Maiden Fields,Sour Beer,Berliner Weisse,97.37276454538886
Firestone Walker Bretta Weisse,Sour Beer,Berliner Weisse,96.98482194625215
Right Proper Kick.Kick.Snare,Sour Beer,Berliner Weisse,97.31762748085725
OEC Exilis,Sour Beer,Berliner Weisse,96.64834323823139
J. Wakefield Stush Berliner,Sour Beer,Berliner Weisse,95.55437596264241
Brasseurs du Monde Blanche du Mur,Sour Beer,Berliner Weisse,95.67178654744323
Schell Noble Star - Star Of The North,Sour Beer,Berliner Weisse,96.64834323823139
New England Weiss Trash Culture,Sour Beer,Berliner Weisse,95.31781063736233
Craftsman Angelino Weisse,Sour Beer,Berliner Weisse,95.49545508119829
Bear Republic Tartare,Sour Beer,Berliner Weisse,94.77656714181975
Arizona Wilderness Bear Wallow Berliner Weisse,Sour Beer,Berliner Weisse,94.89795761890711
The Referend Berliner Messe - Credo,Sour Beer,Berliner Weisse,94.71562535192794
Beachwood Blendery Propagation Series No. 002,Sour Beer,Berliner Weisse,95.07883390106052
The Referend Berliner Messe - Gloria,Sour Beer,Berliner Weisse,94.34642616850992
Small Pony Ci-Tron,Sour Beer,Berliner Weisse,94.28428739010982
Bruery Terreux Frederick H.,Sour Beer,Berliner Weisse,93.71689491487969
New Holland Incorrigible,Sour Beer,Berliner Weisse,93.90768522611202
Pit Caribou Les Pieds Croches,Sour Beer,Berliner Weisse,93.58875295555991
1809 Berliner Style Weisse,Sour Beer,Berliner Weisse,93.0023998082573
Live Oak Berliner Weisse,Sour Beer,Berliner Weisse,93.39508902118087
Right Proper Corn Rigs and Barley Rigs,Sour Beer,Berliner Weisse,92.86987478789743
Bellwoods Warp & Weft,Sour Beer,Berliner Weisse,93.45983900547799
Vrooden Berliner Weisse,Sour Beer,Berliner Weisse,92.2630633087945
YellowBelly For Whom The Sour Trolls Citra Sour,Sour Beer,Berliner Weisse,92.86987478789743
East End / Pizza Boy Moonstomp,Sour Beer,Berliner Weisse,92.80330087317742
Church Brew Berliner Weisse,Sour Beer,Berliner Weisse,93.33014183932261
Griffin Claw Berlinerweiss,Sour Beer,Berliner Weisse,93.78067993929618
Jackie O's Perpetum,Sour Beer,Berliner Weisse,91.6384672738528
Westbrook Weisse Weisse Baby,Sour Beer,Berliner Weisse,93.58875295555991
Phantom Carriage Broadacres Berliner Weisse,Sour Beer,Berliner Weisse,91.42616260453379
Bayerischer Bahnhof Berliner Style Weisse - Brettanomyces Lambicus,Sour Beer,Berliner Weisse,91.98771437740643
De Garde Bu Weisse,Sour Beer,Berliner Weisse,91.70877296371874
Community Beer Works Mr. Superfantastisch,Sour Beer,Berliner Weisse,94.65451713636593
Destihl Wild Sour Series: Counter ClockWeisse,Sour Beer,Berliner Weisse,91.13980915403856
Cycle Electric Boots,Sour Beer,Berliner Weisse,91.28345830799974
Bruery Terreux Hottenroth Berliner Weisse,Sour Beer,Berliner Weisse,90.5555882622874
Benelux Berlinoise,Sour Beer,Berliner Weisse,90.48146031037827
Thirsty Dog Berliner Weisse,Sour Beer,Berliner Weisse,92.33134839356846
Prairie Prairie Weisse,Sour Beer,Berliner Weisse,90.70310431750114
Buxton Very Far Skyline,Sour Beer,Berliner Weisse,90.92254439120185
Cigar City The One Percenter,Sour Beer,Berliner Weisse,91.35492800144702
Magic Rock Circus of Sour White Wine,Sour Beer,Berliner Weisse,92.12583303522595
Schell Noble Star - Dawn of Aurora,Sour Beer,Berliner Weisse,91.98771437740643
Pour Decisions Acerbity,Sour Beer,Berliner Weisse,94.47017861506251
Flügge / Wilder Wald Bene,Sour Beer,Berliner Weisse,89.1825489393577
Cape May Tower 23,Sour Beer,Berliner Weisse,90.62946925428379
The Kernel London Sour Barrel Aged,Sour Beer,Berliner Weisse,91.8486975635547
Profesja Cyrulik,Sour Beer,Berliner Weisse,88.70613319127426
Cantillon La Vie est Belge,Sour Beer,Lambic - Gueuze,99.94712360661077
Cantillon 50°N-4°E (2017),Sour Beer,Lambic - Gueuze,99.94712360661077
3 Fonteinen Oude Geuze Honing (Honey),Sour Beer,Lambic - Gueuze,99.94712360661077
3 Fonteinen Oude Geuze Cuvée Armand & Gaston,Sour Beer,Lambic - Gueuze,99.94712360661077
3 Fonteinen Oude Geuze Vintage (all from 2002-*),Sour Beer,Lambic - Gueuze,99.89424532593878
Bokke Barrique Oloroso,Sour Beer,Lambic - Gueuze,99.89424532593878
Lost Abbey Duck Duck Gooze,Sour Beer,Lambic - Gueuze,99.89424532593878
3 Fonteinen Oude Geuze Golden Blend,Sour Beer,Lambic - Gueuze,99.89424532593878
Cantillon Loerik,Sour Beer,Lambic - Gueuze,99.84136332462272
3 Fonteinen Oude Geuze Cuvée Armand & Gaston Honing (Honey),Sour Beer,Lambic - Gueuze,99.84136332462272
Cantillon Gueuze (2-3-4 year old blend),Sour Beer,Lambic - Gueuze,99.84136332462272
Cantillon Brabantiæ,Sour Beer,Lambic - Gueuze,99.78847574252465
"Cantillon 50°N-4°E (2003, 2007, 2012, 2015 & 2020)",Sour Beer,Lambic - Gueuze,99.68267639660598
Girardin Gueuze Black Label,Sour Beer,Lambic - Gueuze,99.68267639660598
Cantillon Lou Pepe Gueuze,Sour Beer,Lambic - Gueuze,99.62976091390483
Cantillon Chouke,Sour Beer,Lambic - Gueuze,99.62976091390483
3 Fonteinen Oude Geuze,Sour Beer,Lambic - Gueuze,99.62976091390483
De Cam Oude Geuze Editie Gooikoorts,Sour Beer,Lambic - Gueuze,99.62976091390483
Boon Oude Geuze VAT 108,Sour Beer,Lambic - Gueuze,99.57683241280749
Boon Oude Geuze VAT 86,Sour Beer,Lambic - Gueuze,99.57683241280749
Bokke Dalton Cuvée,Sour Beer,Lambic - Gueuze,99.57683241280749
Goedele's Bloesem,Sour Beer,Lambic - Gueuze,99.52388903501175
3 Fonteinen Oude Geuze Golden Blend Honing (Honey),Sour Beer,Lambic - Gueuze,99.52388903501175
Cantillon Zwanze (2018) Manneken Pise,Sour Beer,Lambic - Gueuze,99.47092892280276
3 Fonteinen Oude Geuze Platinum Blend,Sour Beer,Lambic - Gueuze,99.47092892280276
Cantillon Cuvée Saint-Gilloise,Sour Beer,Lambic - Gueuze,99.47092892280276
Bokke Dalton William,Sour Beer,Lambic - Gueuze,99.41795021912631
Tilquin Oude Gueuze à l'Ancienne,Sour Beer,Lambic - Gueuze,99.41795021912631
Oud Beersel Oude Geuze Vandervelden 135 years,Sour Beer,Lambic - Gueuze,99.41795021912631
Boon Oude Geuze VAT 108bis,Sour Beer,Lambic - Gueuze,99.36495106766212
Oud Beersel Oude Geuze Barrel Selection Oude Pijpen,Sour Beer,Lambic - Gueuze,99.36495106766212
Bullfrog Le Roar Grrrz,Sour Beer,Lambic - Gueuze,99.36495106766212
3 Fonteinen Zenne y Frontera BLEND 92,Sour Beer,Lambic - Gueuze,99.36495106766212
Bokke Dalton Averell,Sour Beer,Lambic - Gueuze,99.31192961289719
Bokke Dalton Joe,Sour Beer,Lambic - Gueuze,99.31192961289719
Bokke Barrique Levenswater,Sour Beer,Lambic - Gueuze,99.31192961289719
Heeren van Liedekercke 20 Anniversary Blend,Sour Beer,Lambic - Gueuze,99.2058123758887
Boon Oude Geuze VAT 110,Sour Beer,Lambic - Gueuze,99.2058123758887
Boon Oude Geuze Black Label,Sour Beer,Lambic - Gueuze,99.2058123758887
Oud Beersel Oude Geuze Vandervelden 137 years,Sour Beer,Lambic - Gueuze,99.15271288731444
3 Fonteinen Zenne y Frontera BLEND 94,Sour Beer,Lambic - Gueuze,99.15271288731444
De Garde The Anniversary,Sour Beer,Lambic - Gueuze,99.09958368292428
3 Fonteinen Golden Doesjel,Sour Beer,Lambic - Gueuze,99.04642291233951
Toon van den Broek Watergeus,Sour Beer,Lambic - Gueuze,98.93999927737498
Wildflower Good As Gold,Sour Beer,Lambic - Gueuze,98.93999927737498
Boon Oude Geuze VAT 91,Sour Beer,Lambic - Gueuze,98.88673271876058
De Cam Oude Geuze,Sour Beer,Lambic - Gueuze,98.88673271876058
Jester King SPON Méthode Traditionelle,Sour Beer,Lambic - Gueuze,98.8334272056281
3 Fonteinen Oude Geuze Cuvée Armand & Gaston Vintage,Sour Beer,Lambic - Gueuze,98.78008089455913
Cantillon Zwanze (2019),Sour Beer,Lambic - Gueuze,98.8334272056281
Weihenstephaner Hefeweissbier,Wheat Beer,Weissbier - Hefeweizen,98.29782487855074
Live Oak Hefe Weizen,Wheat Beer,Weissbier - Hefeweizen,97.48277127454877
Side Launch Wheat,Wheat Beer,Weissbier - Hefeweizen,96.30781687862039
Ayinger Bräuweisse,Wheat Beer,Weissbier - Hefeweizen,95.43638830951552
New Glarus Bubbler,Wheat Beer,Weissbier - Hefeweizen,95.61315257558115
Piece Top Heavy Hefeweizen,Wheat Beer,Weissbier - Hefeweizen,95.31781063736233
Andechser Weissbier Hell,Wheat Beer,Weissbier - Hefeweizen,94.34642616850992
Schilling Schlaumeier,Wheat Beer,Weissbier - Hefeweizen,92.46726471929907
Schneider Weisse Tap 4 Meine Festweisse,Wheat Beer,Weissbier - Hefeweizen,91.98771437740643
Brewery Hills Banana Peach,Wheat Beer,Weissbier - Hefeweizen,91.70877296371874
Urban Chestnut Schnickelfritz,Wheat Beer,Weissbier - Hefeweizen,91.56793109129647
Cloudwater Heftyweisse,Wheat Beer,Weissbier - Hefeweizen,91.28345830799974
Fujizakura Heights Weizen,Wheat Beer,Weissbier - Hefeweizen,91.6384672738528
Franziskaner Hefe-Weissbier / Weissbier Naturtrub,Wheat Beer,Weissbier - Hefeweizen,90.92254439120185
Heater Allen IsarWeizen,Wheat Beer,Weissbier - Hefeweizen,91.42616260453379
Paulaner Hefe-Weissbier,Wheat Beer,Weissbier - Hefeweizen,90.25758453032213
Belle Gueule Hefeweizen,Wheat Beer,Weissbier - Hefeweizen,90.40708437717223
Cloudwater It Is What It Is,Wheat Beer,Weissbier - Hefeweizen,89.72637816883001
Vrooden Weizen,Wheat Beer,Weissbier - Hefeweizen,90.10708074717753
Craftsman Heavenly Hefe,Wheat Beer,Weissbier - Hefeweizen,90.18245862301849
Sierra Nevada Kellerweis Hefeweizen,Wheat Beer,Weissbier - Hefeweizen,88.62579478723295
Maisels Weisse Original,Wheat Beer,Weissbier - Hefeweizen,87.89053334946438
Hacker-Pschorr Hefe Weisse,Wheat Beer,Weissbier - Hefeweizen,87.55660577271989
Pulfer Brundelweiss Hefeweizen,Wheat Beer,Weissbier - Hefeweizen,87.38797306918191
Prost Weißbier,Wheat Beer,Weissbier - Hefeweizen,86.52792759138602
Dieu du Ciel! Nativité Blonde,Wheat Beer,Weissbier - Hefeweizen,87.21822109253247
Occidental Hefeweizen,Wheat Beer,Weissbier - Hefeweizen,86.26437371234817
Queen City Hefeweizen,Wheat Beer,Weissbier - Hefeweizen,87.80746707433562
McFate Bamberg Hefeweizen,Wheat Beer,Weissbier - Hefeweizen,88.05583865627241
Hofbrauhaus Newport Hefe Weizen,Wheat Beer,Weissbier - Hefeweizen,88.22004555552452
Trzech Kumpli Weizen,Wheat Beer,Weissbier - Hefeweizen,84.34661953599871
La Cumbre A Slice of Hefen,Wheat Beer,Weissbier - Hefeweizen,84.62846069474301
PINTA Bawarka,Wheat Beer,Weissbier - Hefeweizen,83.96671473586598
Victory Mad King’s Weiss,Wheat Beer,Weissbier - Hefeweizen,85.45817888375359
Victory Sunrise Weissbier,Wheat Beer,Weissbier - Hefeweizen,86.26437371234817
Perun Ziarno Prawdy,Wheat Beer,Weissbier - Hefeweizen,83.1927470106944
Cambridge Hefeweizen,Wheat Beer,Weissbier - Hefeweizen,84.8148880877508
Zakkoku Kobo Zakkoku Weizen,Wheat Beer,Weissbier - Hefeweizen,82.99629920317429
Funky Buddha Floridian Hefeweizen,Wheat Beer,Weissbier - Hefeweizen,82.19866764260539
Night Shift Furth,Wheat Beer,Weissbier - Hefeweizen,82.29940783136081
Naparbier Hefeweizen,Wheat Beer,Weissbier - Hefeweizen,82.59985195650594
OMB Hornets Nest,Wheat Beer,Weissbier - Hefeweizen,82.59985195650594
Lightning Thunderweizen,Wheat Beer,Weissbier - Hefeweizen,84.15725592951026
Nepomucen Skat,Wheat Beer,Weissbier - Hefeweizen,82.19866764260539
Franziskaner Weissbier Royal (2012+),Wheat Beer,Weissbier - Hefeweizen,81.07100206745739
Gänstaller Bräu 03 Smaragdweiß,Wheat Beer,Weissbier - Hefeweizen,80.86213262609519
Otto’s Hefeweizen,Wheat Beer,Weissbier - Hefeweizen,80.75725592663991
J. Wakefield El Jefe Hefeweizen,Wheat Beer,Weissbier - Hefeweizen,80.334807231399
Widmer Brothers Brotha from Another Motha,Wheat Beer,Weissbier - Hefeweizen,81.58801162508387
East End Monkey Boy,Wheat Beer,Weissbier - Hefeweizen,80.22846069103322
The Livery Bourbon Barrel Aged Trippel Weizenbock,Wheat Beer,Weissbier - Weizenbock,99.84136332462272
Schneider Weisse Aventinus,Wheat Beer,Weissbier - Weizenbock,99.57683241280749
New Glarus Dancing Man Wheat,Wheat Beer,Weissbier - Weizenbock,98.78008089455913
New Glarus Thumbprint Series Imperial Weizen,Wheat Beer,Weissbier - Weizenbock,98.61977876414524
Weihenstephaner Vitus,Wheat Beer,Weissbier - Weizenbock,97.26239892036133
Ayinger Weizenbock,Wheat Beer,Weissbier - Weizenbock,96.98482194625215
Deschutes Pub Reserve Series: Rum Wowzenbock,Wheat Beer,Weissbier - Weizenbock,97.096146606569
Cloudwater Collecting Flowers,Wheat Beer,Weissbier - Weizenbock,96.87308911258671
Totenhopfen / Flying Inn Sonne,Wheat Beer,Weissbier - Weizenbock,96.42179828924125
Schneider Weisse Tap X Mein Cuvée Barrique,Wheat Beer,Weissbier - Weizenbock,96.42179828924125
Ramstein Winter Wheat,Wheat Beer,Weissbier - Weizenbock,96.0206867534079
Great Lakes Glockenspiel Weizenbock,Wheat Beer,Weissbier - Weizenbock,95.31781063736233
Svatý Norbert Tříkrálový Pšeničné 16° (Weizenbock dunkel),Wheat Beer,Weissbier - Weizenbock,95.07883390106052
Gutmann Weizenbock,Wheat Beer,Weissbier - Weizenbock,94.77656714181975
Les Trois Mousquetaires Weizenbock,Wheat Beer,Weissbier - Weizenbock,94.40838940961876
Firestone Walker Pacific Gravity Weizenbock,Wheat Beer,Weissbier - Weizenbock,94.65451713636593
Town Hall Buffalo Bock,Wheat Beer,Weissbier - Weizenbock,94.47017861506251
Ramstein Double Platinum Blonde,Wheat Beer,Weissbier - Weizenbock,94.09680291920354
ReCraft Bourbon Bock,Wheat Beer,Weissbier - Weizenbock,93.52439318382422
Schneider Weisse Tap X Meine Porter Weisse,Wheat Beer,Weissbier - Weizenbock,93.33014183932261
Sierra Nevada Weizenbock,Wheat Beer,Weissbier - Weizenbock,93.33014183932261
Victory Moonglow Weizenbock,Wheat Beer,Weissbier - Weizenbock,93.19965035546136
Le Trou du Diable Weizgripp Doppelweizenbock,Wheat Beer,Weissbier - Weizenbock,95.55437596264241
Sierra Nevada Squared Away,Wheat Beer,Weissbier - Weizenbock,94.77656714181975
Schönramer Weißbier Bock,Wheat Beer,Weissbier - Weizenbock,93.19965035546136
Fujizakura Heights Weizen Bock,Wheat Beer,Weissbier - Weizenbock,94.15947724964009
Broadway Sein d'Esprit de Noël,Wheat Beer,Weissbier - Weizenbock,93.06835357769383
Les Brasseurs du Temps DumDuminator,Wheat Beer,Weissbier - Weizenbock,93.0023998082573
Naparbier Barrel Series (Whisky 2018). Aesthetics,Wheat Beer,Weissbier - Weizenbock,93.13410330938119
Lagunitas Our Own Bavarian-Style DoppelWeizen,Wheat Beer,Weissbier - Weizenbock,92.80330087317742
Live Oak Primus,Wheat Beer,Weissbier - Weizenbock,92.86987478789743
Stu Mostów ART1 / Camba Bavaria Doppel Weizenbock German IPA,Wheat Beer,Weissbier - Weizenbock,92.80330087317742
Jopen Johannieter,Wheat Beer,Weissbier - Weizenbock,92.2630633087945
The Bruery Wether,Wheat Beer,Weissbier - Weizenbock,92.1945586038071
Edelweiss Gamsbock,Wheat Beer,Weissbier - Weizenbock,92.2630633087945
Capital Square Series Weizen Doppelbock,Wheat Beer,Weissbier - Weizenbock,91.98771437740643
DeGroens Weizenbock,Wheat Beer,Weissbier - Weizenbock,85.7
Belle Gueule Weizenbock,Wheat Beer,Weissbier - Weizenbock,91.56793109129647
Revolution Fausten Weizenbock,Wheat Beer,Weissbier - Weizenbock,93.90768522611202
Iron Hill Weizenbock,Wheat Beer,Weissbier - Weizenbock,91.8486975635547
Beavertown Tempus Project - Phobos,Wheat Beer,Weissbier - Weizenbock,90.776494492782
Town Hall Eight Weizenbock,Wheat Beer,Weissbier - Weizenbock,95.0187009809829
Andechser Weizenbock,Wheat Beer,Weissbier - Weizenbock,90.18245862301849
Cigar City Tannhauser Gate,Wheat Beer,Weissbier - Weizenbock,90.18245862301849
The Bruery Ride That Goat,Wheat Beer,Weissbier - Weizenbock,92.39941511017955
5 Seasons Über Weiss Weizenbock,Wheat Beer,Weissbier - Weizenbock,85.3
Hopf Muospacher Bockfotzn,Wheat Beer,Weissbier - Weizenbock,89.41718420657561
Fat Head's Alpenglow Weizenbock,Wheat Beer,Weissbier - Weizenbock,89.87942563800387
Rahr & Sons Angry Goat,Wheat Beer,Weissbier - Weizenbock,94.03394711485916
King Street Portage WeizenBock,Wheat Beer,Weissbier - Weizenbock,91.06762746888975
Side Project Bière Blanche,Wheat Beer,Witbier / Belgian White Ale,98.4053598842527
OEC Albus,Wheat Beer,Witbier / Belgian White Ale,98.13607433490986
Kormoran Podroze Kormorana Witbier,Wheat Beer,Witbier / Belgian White Ale,97.86517417772781
Western Herd Back Beat Witbier,Wheat Beer,Witbier / Belgian White Ale,97.86517417772781
Tête d'Allumette Blanche Tête et les 7 Grains,Wheat Beer,Witbier / Belgian White Ale,96.98482194625215
Anchorage Whiteout Wit Bier,Wheat Beer,Witbier / Belgian White Ale,96.76093416716394
Maltstrom Farmhouse Blanche,Wheat Beer,Witbier / Belgian White Ale,94.71562535192794
Indie Alehouse Sunkicked,Wheat Beer,Witbier / Belgian White Ale,94.65451713636593
L'Ermitage Lune Rose,Wheat Beer,Witbier / Belgian White Ale,94.40838940961876
Sierra Nevada Ovila White Ale,Wheat Beer,Witbier / Belgian White Ale,94.15947724964009
PINTA / Pays Flamand - Król Lata / le Roi de l'Eté,Wheat Beer,Witbier / Belgian White Ale,93.52439318382422
Pipeworks Better a Witty Fool Than... A Foolish Wit,Wheat Beer,Witbier / Belgian White Ale,96.47860920125778
Jolly Pumpkin Calabaza Blanca,Wheat Beer,Witbier / Belgian White Ale,93.19965035546136
Upright Sole Composition: Barrel-Aged Pure Wit with Orange Peel,Wheat Beer,Witbier / Belgian White Ale,96.07836827061011
Ten Ninety Imperial Witbier,Wheat Beer,Witbier / Belgian White Ale,93.45983900547799
Pracownia Piwa Beer for House,Wheat Beer,Witbier / Belgian White Ale,91.91831884519866
Logsdon Kili Wit,Wheat Beer,Witbier / Belgian White Ale,92.05688536839004
Fantôme / The Referend Blanchot,Wheat Beer,Witbier / Belgian White Ale,91.56793109129647
la Vallée du Giffre Blanche,Wheat Beer,Witbier / Belgian White Ale,91.06762746888975
Block 15 Wonka's Wit,Wheat Beer,Witbier / Belgian White Ale,93.33014183932261
Fabrica RARA Haiku,Wheat Beer,Witbier / Belgian White Ale,91.21175239786433
St. Bernardus Wit / Blanche,Wheat Beer,Witbier / Belgian White Ale,90.48146031037827
Breakside Bellwether,Wheat Beer,Witbier / Belgian White Ale,90.48146031037827
Leelanau Whaleback White,Wheat Beer,Witbier / Belgian White Ale,90.48146031037827
Fantôme Blanche,Wheat Beer,Witbier / Belgian White Ale,89.87942563800387
Upright Pure Wit,Wheat Beer,Witbier / Belgian White Ale,91.35492800144702
Fonta Flora Metallic Primate,Wheat Beer,Witbier / Belgian White Ale,91.35492800144702
Celis White,Wheat Beer,Witbier / Belgian White Ale,89.26102337416908
Fantôme Vertignasse,Wheat Beer,Witbier / Belgian White Ale,89.26102337416908
Dieu du Ciel! Blanche du Paradis,Wheat Beer,Witbier / Belgian White Ale,89.26102337416908
Hideji (Hana no) White Weizen,Wheat Beer,Witbier / Belgian White Ale,89.87942563800387
Allagash White,Wheat Beer,Witbier / Belgian White Ale,88.78620290083175
Cask & Larder Olde Southern Wit,Wheat Beer,Witbier / Belgian White Ale,89.72637816883001
De la Senne Witte van - de Magritte,Wheat Beer,Witbier / Belgian White Ale,89.72637816883001
Magic Rock Clown Juice,Wheat Beer,Witbier / Belgian White Ale,88.86600470271917
Cloudwater Wit Loral,Wheat Beer,Witbier / Belgian White Ale,88.78620290083175
Minoh Yuzu White Ale,Wheat Beer,Witbier / Belgian White Ale,88.38315969936619
Nynäshamns 20 år Jubileumsöl,Wheat Beer,Witbier / Belgian White Ale,89.10381068895715
Profesja Przekupka,Wheat Beer,Witbier / Belgian White Ale,87.47242902464457
Pracownia Piwa Beer for Tap,Wheat Beer,Witbier / Belgian White Ale,87.80746707433562
PINTA Viva la Wita!,Wheat Beer,Witbier / Belgian White Ale,86.96148409036626
La Cumbre Blanche de Burque,Wheat Beer,Witbier / Belgian White Ale,84.72182089163687
Charlevoix Blanche de Charlevoix,Wheat Beer,Witbier / Belgian White Ale,86.87534039134563
Glazen Toren Jan De Lichte,Wheat Beer,Witbier / Belgian White Ale,86.52792759138602
Dageraad De Witte (2015-),Wheat Beer,Witbier / Belgian White Ale,86.44036229535084
Dieu du Ciel! Première Neige,Wheat Beer,Witbier / Belgian White Ale,89.5723001088895
Verzet Space Cadet,Wheat Beer,Witbier / Belgian White Ale,85.90895154935313
La Fabrique Simonne,Wheat Beer,Witbier / Belgian White Ale,90.5555882622874
Southampton Double White Ale,Wheat Beer,Witbier / Belgian White Ale,86.08723800052766
Freetail Witicus Double Rye Wit,Wheat Beer,Witbier / Belgian White Ale,89.1825489393577
Hill Farmstead Everett,Stout and Porter,Porter,99.89424532593878
Founders Porter,Stout and Porter,Porter,99.62976091390483
Hill Farmstead Everett - Bourbon Barrel Aged (2014-),Stout and Porter,Porter,99.52388903501175
Three Floyds Alpha Klaus,Stout and Porter,Porter,99.47092892280276
Mikkeller Porter,Stout and Porter,Porter,99.31192961289719
Fuller's London Porter (Bottle/Keg),Stout and Porter,Porter,99.2058123758887
The Kernel India Double Porter Ekaunot Huell Melon,Stout and Porter,Porter,99.15271288731444
The Kernel India Double Porter Citra Ella,Stout and Porter,Porter,98.8334272056281
Great Lakes Edmund Fitzgerald Porter,Stout and Porter,Porter,98.72669194374593
The Kernel India Double Porter Centennial Columbus,Stout and Porter,Porter,98.72669194374593
Põhjala Must Kuld,Stout and Porter,Porter,98.72669194374593
Maine Beer King Titus,Stout and Porter,Porter,98.72669194374593
Three Floyds Precious,Stout and Porter,Porter,98.78008089455913
The Kernel India Double Porter Mosaic Simcoe Vic Secret,Stout and Porter,Porter,98.67325851306411
Dark Horse Reserve Special Black Ale,Stout and Porter,Porter,98.45904325214555
Nøgne Ø Porter,Stout and Porter,Porter,98.243969590382
Smuttynose Robust Porter,Stout and Porter,Porter,98.243969590382
Artezan Kazimierz,Stout and Porter,Porter,98.243969590382
Dieu du Ciel! Chemin de Croix,Stout and Porter,Porter,98.243969590382
Anchor Porter,Stout and Porter,Porter,98.13607433490986
Cigar City Puppy's Breath Robust Porter,Stout and Porter,Porter,97.86517417772781
Three Floyds Snow Weasel,Stout and Porter,Porter,98.29782487855074
The Kernel Export India Porter,Stout and Porter,Porter,97.70176494361816
Cigar City Soggy Loaf Pumpernickel Rye Porter,Stout and Porter,Porter,98.02792072433486
Mikkeller Porter BA Bourbon,Stout and Porter,Porter,97.75631132098235
Dunham LaPatt Porter Robuste (Whisky Canadien),Stout and Porter,Porter,98.19005334893765
Fuller's London Porter (Cask),Stout and Porter,Porter,97.75631132098235
Anspach & Hobday The Porter,Stout and Porter,Porter,97.37276454538886
Cellarmaker Wagoner,Stout and Porter,Porter,97.59243331882173
Barley John's Old 8 Porter,Stout and Porter,Porter,97.42781188506802
Bi-Du Confine,Stout and Porter,Porter,97.31762748085725
Brew By Numbers 03/03 Porter - Traditional,Stout and Porter,Porter,97.26239892036133
Pressure Drop Fashion Porter,Stout and Porter,Porter,97.096146606569
Renaissance Elemental Porter,Stout and Porter,Porter,96.98482194625215
Brew By Numbers 03/05 Porter - Willamette & Centennial,Stout and Porter,Porter,97.26239892036133
Tree House Catharsis,Stout and Porter,Porter,96.87308911258671
The Kernel Export India Porter Bramling Cross,Stout and Porter,Porter,97.48277127454877
Sante Adairius Chavez,Stout and Porter,Porter,96.70469406495718
Russian River Porter,Stout and Porter,Porter,96.87308911258671
Drakes Black Robusto Porter,Stout and Porter,Porter,96.76093416716394
Foothills People's Porter (Bourbon Barrel),Stout and Porter,Porter,96.8170652724175
Moor B-Moor,Stout and Porter,Porter,96.70469406495718
Hogshead Gilpin Black Gold,Stout and Porter,Porter,96.70469406495718
Mikkeller Bedow Autumn Porter,Stout and Porter,Porter,97.04053442438494
Foglie d'Erba Hot Night at The Village Breakfast Edition,Stout and Porter,Porter,96.70469406495718
Hoppin' Frog Rum Barrel Aged Silk Porter,Stout and Porter,Porter,96.42179828924125
Dunham LaPatt Porter Robuste,Stout and Porter,Porter,96.53530252288353
Stoneface Porter,Stout and Porter,Porter,96.59187996379197
Verdant Alternative Currency,Stout and Porter,Porter,96.0206867534079
Harviestoun Old Engine Oil (Bottle),Stout and Porter,Porter,96.0206867534079
Närke Kaggen Stormaktsporter,Stout and Porter,Stout - Imperial,100.00000002692344
Cigar City Hunahpu's Imperial Stout - Apple Brandy Barrel Aged,Stout and Porter,Stout - Imperial,100.00000002692344
Bell's Black Note Stout,Stout and Porter,Stout - Imperial,100.00000002692344
Goose Island Bourbon County Stout,Stout and Porter,Stout - Imperial,100.00000002692344
Bell's Expedition Stout,Stout and Porter,Stout - Imperial,100.00000002692344
Närke Stormaktsporter,Stout and Porter,Stout - Imperial,100.00000002692344
Bell's Bourbon Barrel-Aged Expedition Stout,Stout and Porter,Stout - Imperial,99.94712360661077
Närke Konjaks! Stormaktsporter,Stout and Porter,Stout - Imperial,99.94712360661077
Evil Twin Double Barrel Jesus,Stout and Porter,Stout - Imperial,99.94712360661077
Firestone Walker Parabola,Stout and Porter,Stout - Imperial,99.94712360661077
Närke Kaggen Stormaktsporter Pure Swedish Oak,Stout and Porter,Stout - Imperial,99.94712360661077
Surly Darkness,Stout and Porter,Stout - Imperial,99.94712360661077
Stone Imperial Russian Stout - Bourbon Barrel,Stout and Porter,Stout - Imperial,99.94712360661077
Uiltje Sequence Series 007 - 2019 Speyside Blend,Stout and Porter,Stout - Imperial,99.94712360661077
Mikkeller George! Barrel Aged (Bourbon Edition),Stout and Porter,Stout - Imperial,99.94712360661077
Stone Imperial Russian Stout,Stout and Porter,Stout - Imperial,99.94712360661077
Hill Farmstead Damon,Stout and Porter,Stout - Imperial,99.94712360661077
Dark Horse Bourbon Barrel Plead the 5th Imperial Stout,Stout and Porter,Stout - Imperial,99.94712360661077
Artezan Samiec Alfa (Barrel Aged),Stout and Porter,Stout - Imperial,99.94712360661077
Prairie Apple Brandy Barrel Noir,Stout and Porter,Stout - Imperial,99.94712360661077
Great Divide Yeti Imperial Stout - Oak Aged,Stout and Porter,Stout - Imperial,99.94712360661077
Oskar Blues Ten FIDY - Bourbon Barrel Aged,Stout and Porter,Stout - Imperial,99.94712360661077
Hill Farmstead Damon - Port and Bourbon Barrel Aged,Stout and Porter,Stout - Imperial,99.89424532593878
Cycle RareR DOS,Stout and Porter,Stout - Imperial,99.94712360661077
Surly Barrel Aged Darkness (2016-),Stout and Porter,Stout - Imperial,99.89424532593878
Cigar City Marshal Zhukov's Imperial Stout - Bourbon Barrel,Stout and Porter,Stout - Imperial,99.89424532593878
Struise Black Albert,Stout and Porter,Stout - Imperial,99.89424532593878
Struise Cuvée Delphine,Stout and Porter,Stout - Imperial,99.89424532593878
North Coast Old Rasputin (Bourbon Barrel),Stout and Porter,Stout - Imperial,99.89424532593878
Mikkeller George! Barrel Aged (Cognac Edition),Stout and Porter,Stout - Imperial,99.89424532593878
Cigar City Marshal Zhukov's Imperial Stout - Double Barrel-aged 2017,Stout and Porter,Stout - Imperial,99.89424532593878
Hoppin' Frog Rocky Mountain DORIS,Stout and Porter,Stout - Imperial,99.89424532593878
Hoppin' Frog Barrel Aged BORIS The Crusher,Stout and Porter,Stout - Imperial,99.89424532593878
Side Project O.W.K.,Stout and Porter,Stout - Imperial,99.89424532593878
Cycle DBR,Stout and Porter,Stout - Imperial,99.89424532593878
Taps Remy's Pappy,Stout and Porter,Stout - Imperial,99.89424532593878
De Moersleutel 87199924992800 (Barcode Black & Yellow),Stout and Porter,Stout - Imperial,99.89424532593878
Avery Uncle Jacob's Stout,Stout and Porter,Stout - Imperial,99.89424532593878
Cigar City Marshal Zhukov's Imperial Stout,Stout and Porter,Stout - Imperial,99.89424532593878
Hoppin' Frog Barrel Aged TORIS The Tyrant,Stout and Porter,Stout - Imperial,99.89424532593878
De Molen Hel & Verdoemenis Misto BA,Stout and Porter,Stout - Imperial,99.89424532593878
Struise Black Damnation V - Double Black,Stout and Porter,Stout - Imperial,99.89424532593878
Hoppin' Frog Barrel Aged DORIS The Destroyer,Stout and Porter,Stout - Imperial,99.89424532593878
Boatrocker Ramjet Whisky Barrel Aged Imperial Stout,Stout and Porter,Stout - Imperial,99.89424532593878
Founders Bourbon Barrel-Aged Imperial Stout,Stout and Porter,Stout - Imperial,99.89424532593878
Free State Owd Macs Imperial Stout,Stout and Porter,Stout - Imperial,99.89424532593878
Oskar Blues Ten FIDY,Stout and Porter,Stout - Imperial,99.89424532593878
Founders Imperial Stout,Stout and Porter,Stout - Imperial,99.84136332462272
Warpigs Smoldering Holes BA Eagle Rare,Stout and Porter,Stout - Imperial,99.84136332462272
North Coast Old Rasputin Russian Imperial Stout,Stout and Porter,Stout - Imperial,99.84136332462272
Toppling Goliath Kentucky Brunch,Stout and Porter,Stout - Imperial Flavored / Pastry,100.00000002692344
Toppling Goliath Mornin' Delight,Stout and Porter,Stout - Imperial Flavored / Pastry,100.00000002692344
Cycle / 3 Sons Rare Scooop,Stout and Porter,Stout - Imperial Flavored / Pastry,100.00000002692344
Three Floyds Dark Lord - Bourbon Barrel Aged,Stout and Porter,Stout - Imperial Flavored / Pastry,100.00000002692344
Three Floyds Dark Lord - Bourbon Vanilla Bean,Stout and Porter,Stout - Imperial Flavored / Pastry,100.00000002692344
AleSmith Speedway Stout - Bourbon Barrel Aged,Stout and Porter,Stout - Imperial Flavored / Pastry,100.00000002692344
AleSmith Speedway Stout - Bourbon Barrel Aged Vietnamese Coffee,Stout and Porter,Stout - Imperial Flavored / Pastry,100.00000002692344
Founders Barrel Aged CBS (Canadian Breakfast Stout),Stout and Porter,Stout - Imperial Flavored / Pastry,100.00000002692344
Perennial Barrel Aged Abraxas,Stout and Porter,Stout - Imperial Flavored / Pastry,100.00000002692344
AleSmith Speedway Stout,Stout and Porter,Stout - Imperial Flavored / Pastry,100.00000002692344
Cigar City Hunahpu's Imperial Stout,Stout and Porter,Stout - Imperial Flavored / Pastry,100.00000002692344
Founders KBS (Kentucky Breakfast Stout),Stout and Porter,Stout - Imperial Flavored / Pastry,100.00000002692344
Three Floyds Dark Lord Russian Imperial Stout,Stout and Porter,Stout - Imperial Flavored / Pastry,100.00000002692344
Modern Times Monster Tones,Stout and Porter,Stout - Imperial Flavored / Pastry,100.00000002692344
Cigar City Hunahpu's Imperial Stout - Bourbon Barrel Aged,Stout and Porter,Stout - Imperial Flavored / Pastry,99.94712360661077
Toppling Goliath Assassin,Stout and Porter,Stout - Imperial Flavored / Pastry,100.00000002692344
Mikkeller Beer Geek Vanilla Shake (Bourbon Edition),Stout and Porter,Stout - Imperial Flavored / Pastry,99.94712360661077
Goose Island Bourbon County Stout - Coffee,Stout and Porter,Stout - Imperial Flavored / Pastry,99.94712360661077
Mikkeller Beer Geek Brunch Weasel,Stout and Porter,Stout - Imperial Flavored / Pastry,99.94712360661077
Prairie / Evil Twin Bible Belt - Barrel Aged,Stout and Porter,Stout - Imperial Flavored / Pastry,99.94712360661077
Bottle Logic Fundamental Observation,Stout and Porter,Stout - Imperial Flavored / Pastry,99.94712360661077
J. Wakefield / Abnormal Bake Kujira (750ml) 2017,Stout and Porter,Stout - Imperial Flavored / Pastry,99.94712360661077
Lervig / Hoppin' Frog Bourbon Barrel Aged Sippin' Into Darkness,Stout and Porter,Stout - Imperial Flavored / Pastry,99.94712360661077
Angry Chair Rocky Road - Bourbon Barrel Aged,Stout and Porter,Stout - Imperial Flavored / Pastry,99.94712360661077
Deschutes The Abyss,Stout and Porter,Stout - Imperial Flavored / Pastry,99.94712360661077
Närke Kaggen Stormaktsporter Börb'nåhallon,Stout and Porter,Stout - Imperial Flavored / Pastry,99.94712360661077
AleSmith Speedway Stout - Rye Barrel Aged: Vietnamese,Stout and Porter,Stout - Imperial Flavored / Pastry,99.94712360661077
Goose Island Bourbon County Stout - Vanilla Bourbon Barrel,Stout and Porter,Stout - Imperial Flavored / Pastry,99.94712360661077
AleSmith Speedway Stout - Vietnamese Coffee,Stout and Porter,Stout - Imperial Flavored / Pastry,99.94712360661077
Dieu du Ciel! Péché Mortel (Bourbon),Stout and Porter,Stout - Imperial Flavored / Pastry,99.94712360661077
Hangar 24 Barrel Roll: Pugachev Royale,Stout and Porter,Stout - Imperial Flavored / Pastry,99.94712360661077
Cigar City Hunahpu's Imperial Stout - Rum Barrel Aged,Stout and Porter,Stout - Imperial Flavored / Pastry,99.94712360661077
3 Sons BA Scoop,Stout and Porter,Stout - Imperial Flavored / Pastry,99.94712360661077
3 Sons JBM 35,Stout and Porter,Stout - Imperial Flavored / Pastry,99.94712360661077
Omnipollo Noa Pecan Mud Cake - Bourbon,Stout and Porter,Stout - Imperial Flavored / Pastry,99.94712360661077
Westbrook Mexican Cake Imperial Stout - Reserva,Stout and Porter,Stout - Imperial Flavored / Pastry,99.94712360661077
Epic Big Bad Baptista,Stout and Porter,Stout - Imperial Flavored / Pastry,99.94712360661077
AleSmith Speedway Stout - Brewer's Blend: Vietnamese Coffee,Stout and Porter,Stout - Imperial Flavored / Pastry,99.94712360661077
Side Project Derivation Blend #8,Stout and Porter,Stout - Imperial Flavored / Pastry,99.94712360661077
Cycle Brinner,Stout and Porter,Stout - Imperial Flavored / Pastry,99.94712360661077
Harpagan Buzdygan Turborozkoszy Jack Daniel's Barrel Aged,Stout and Porter,Stout - Imperial Flavored / Pastry,99.94712360661077
Shared Barrel Aged Coconut Vibes,Stout and Porter,Stout - Imperial Flavored / Pastry,99.94712360661077
Anchorage Blessed,Stout and Porter,Stout - Imperial Flavored / Pastry,99.94712360661077
WeldWerks Coconut Medianoche,Stout and Porter,Stout - Imperial Flavored / Pastry,99.94712360661077
Bottle Logic Number Crunch,Stout and Porter,Stout - Imperial Flavored / Pastry,99.94712360661077
AleSmith Speedway Stout - Hawaiian,Stout and Porter,Stout - Imperial Flavored / Pastry,99.94712360661077
3 Sons Hug Hug Kiss Kiss,Stout and Porter,Stout - Imperial Flavored / Pastry,99.94712360661077
Mikkeller Beer Geek Brunch Weasel BA Slyrs,Stout and Porter,Stout - Imperial Flavored / Pastry,99.94712360661077
Cycle Nooner #8,Stout and Porter,Stout - Imperial Flavored / Pastry,99.94712360661077
Prairie Bomb!,Stout and Porter,Stout - Imperial Flavored / Pastry,99.94712360661077